{"stats":{"minecraft:used":{"minecraft:chest":3,"minecraft:shield":49,"minecraft:iron_sword":176,"tombstone:lollipop":2,"minecraft:carrot":11,"minecraft:dark_oak_slab":1,"minecraft:stone_brick_stairs":1,"minecraft:stone_bricks":1,"minecraft:bow":1,"minecraft:oak_sapling":2,"minecraft:furnace":3,"minecraft:egg":2,"minecraft:diorite":17,"minecraft:stone_pickaxe":128,"minecraft:oak_planks":36,"minecraft:wooden_pickaxe":11,"minecraft:diamond_axe":119,"minecraft:sugar_cane":19,"minecraft:golden_apple":5,"minecraft:blast_furnace":5,"waystones:waystone":1,"minecraft:bread":68,"minecraft:string":1,"minecraft:red_terracotta":2,"minecraft:diamond_sword":821,"minecraft:stripped_acacia_wood":1,"minecraft:stone_sword":248,"minecraft:stone_shovel":8,"minecraft:spruce_planks":33,"minecraft:stone_hoe":24,"minecraft:netherrack":5,"minecraft:torch":18,"minecraft:dirt":136,"minecraft:dark_oak_planks":9,"minecraft:netherite_pickaxe":421,"tombstone:gift":7,"minecraft:cobbled_deepslate":10,"minecraft:acacia_planks":20,"minecraft:cooked_beef":12,"minecraft:brown_bed":6,"minecraft:water_bucket":18,"minecraft:birch_planks":1,"minecraft:bundle":1,"minecraft:crafting_table":20,"minecraft:white_bed":6,"minecraft:painting":1,"minecraft:smoker":2,"minecraft:cake":1,"tombstone:bag_of_seeds":6,"minecraft:dark_prismarine":3,"minecraft:iron_pickaxe":83,"minecraft:stone_axe":312,"minecraft:cobblestone":51,"minecraft:bucket":19,"minecraft:cooked_porkchop":40},"minecraft:picked_up":{"minecraft:black_carpet":9,"simplehats:hatbag_rare":2,"minecraft:flower_pot":2,"minecraft:diamond_sword":1,"minecraft:oak_stairs":1,"minecraft:brown_bed":6,"minecraft:enchanted_book":4,"minecraft:potion":1,"minecraft:stone_brick_stairs":1,"minecraft:string":11,"minecraft:dark_oak_trapdoor":1,"minecraft:raw_copper":27,"minecraft:iron_leggings":1,"minecraft:oak_sign":2,"minecraft:sea_pickle":3,"simplehats:lilbow":1,"minecraft:diamond_leggings":1,"minecraft:cobbled_deepslate":33,"minecraft:bucket":1,"minecraft:spruce_planks":42,"minecraft:calcite":12,"minecraft:iron_pickaxe":1,"simplehats:digger":1,"minecraft:mangrove_log":1,"minecraft:furnace":5,"minecraft:golden_helmet":1,"minecraft:stick":16,"quark:glow_shroom_ring":1,"minecraft:torch":1,"minecraft:porkchop":58,"simplehats:batwinghat":1,"minecraft:pointed_dripstone":9,"simplehats:ushanka":1,"tombstone:grave_dust":18,"minecraft:diorite":24,"born_in_chaos_v1:nightmare_claw":1,"minecraft:golden_chestplate":1,"tombstone:lollipop":3,"minecraft:rotten_flesh":55,"minecraft:obsidian":4,"minecraft:cobblestone":279,"minecraft:birch_log":7,"minecraft:feather":17,"minecraft:smoker":2,"minecraft:potato":2,"minecraft:tuff":1,"minecraft:wither_skeleton_skull":2,"minecraft:lapis_lazuli":162,"minecraft:dirt":141,"minecraft:lantern":1,"minecraft:name_tag":1,"simplehats:hatbag_epic":1,"born_in_chaos_v1:monster_skin":23,"minecraft:leather_boots":1,"minecraft:bone":66,"minecraft:acacia_planks":10,"minecraft:bow":2,"minecraft:wheat_seeds":13,"minecraft:raw_gold":22,"minecraft:dark_oak_sign":3,"simplehats:hatbag_uncommon":5,"minecraft:oak_planks":4,"minecraft:pitcher_pod":2,"simplehats:babyturtle":1,"minecraft:stripped_acacia_wood":10,"simplehats:rgbsmallbowler":1,"quark:glow_lichen_growth":1,"minecraft:lily_of_the_valley":1,"minecraft:trapped_chest":1,"minecraft:chiseled_sandstone":1,"minecraft:red_terracotta":2,"minecraft:dark_prismarine":11,"minecraft:bundle":1,"minecraft:diamond":2,"waystones:waystone":3,"minecraft:granite":21,"minecraft:chainmail_helmet":1,"minecraft:emerald":4,"born_in_chaos_v1:rotten_fish":5,"minecraft:oak_sapling":17,"minecraft:netherrack":6,"minecraft:diamond_pickaxe":1,"born_in_chaos_v1:diamond_termite_shard":2,"minecraft:charcoal":6,"minecraft:crafting_table":21,"minecraft:cocoa_beans":10,"minecraft:chicken":4,"minecraft:wooden_pickaxe":1,"simplehats:ghostmask":2,"simplehats:dairyqueen":1,"minecraft:beef":18,"minecraft:sugar_cane":19,"minecraft:birch_sapling":2,"minecraft:phantom_membrane":3,"minecraft:egg":3,"minecraft:raw_iron":67,"minecraft:sandstone":1,"minecraft:stripped_mangrove_wood":3,"simplehats:hatbag_common":8,"born_in_chaos_v1:pieceofdarkmetal":1,"minecraft:carrot":2,"minecraft:redstone":74,"minecraft:dark_oak_planks":37,"minecraft:arrow":17,"minecraft:beetroot_seeds":16,"minecraft:peony":1,"minecraft:hay_block":24,"born_in_chaos_v1:spiny_shell":7,"tombstone:essence_of_undeath":1,"minecraft:mutton":7,"minecraft:white_wool":5,"born_in_chaos_v1:corpse_maggot":5,"minecraft:netherite_boots":1,"born_in_chaos_v1:monster_flesh":1,"minecraft:leather":5,"minecraft:birch_planks":6,"minecraft:oak_log":41,"minecraft:gunpowder":3,"tombstone:gift":1,"minecraft:gray_carpet":3,"minecraft:apple":1,"minecraft:stone_bricks":1,"minecraft:spruce_wood":3,"minecraft:iron_ingot":2,"quark:glow_shroom":4,"tombstone:bag_of_seeds":4,"minecraft:glass_bottle":1,"minecraft:iron_sword":1,"minecraft:dark_oak_stairs":1,"minecraft:book":444,"minecraft:dark_oak_slab":2,"born_in_chaos_v1:ethereal_spirit":1,"minecraft:dripstone_block":30,"minecraft:torchflower_seeds":8,"minecraft:gravel":2,"minecraft:birch_stairs":6,"minecraft:red_banner":1,"minecraft:blast_furnace":17,"minecraft:white_bed":6,"minecraft:spruce_door":1,"minecraft:spider_eye":1,"minecraft:diamond_shovel":1,"minecraft:slime_ball":9,"simplehats:hatbag_halloween":2,"evilcraft:dark_gem":52,"minecraft:diamond_axe":2,"minecraft:painting":2,"minecraft:gray_wool":1,"tombstone:magic_scroll":3,"minecraft:damaged_anvil":2,"minecraft:melon_seeds":8,"minecraft:coal":224},"minecraft:crafted":{"minecraft:black_dye":1,"minecraft:oak_planks":132,"minecraft:diamond_helmet":1,"minecraft:chest":4,"minecraft:stone_hoe":1,"minecraft:smoker":2,"sophisticatedbackpacks:backpack":3,"minecraft:cooked_porkchop":58,"minecraft:diamond_axe":1,"minecraft:crafting_table":5,"minecraft:spruce_planks":12,"minecraft:wooden_pickaxe":1,"minecraft:birch_planks":24,"sophisticatedbackpacks:upgrade_base":1,"minecraft:shield":3,"minecraft:stick":24,"quark:oak_chest":1,"minecraft:iron_ingot":72,"minecraft:iron_pickaxe":1,"minecraft:iron_block":8,"minecraft:stone_sword":2,"minecraft:gold_ingot":17,"minecraft:stone_shovel":1,"sophisticatedbackpacks:stack_upgrade_tier_1":1,"minecraft:furnace":1,"born_in_chaos_v1:pieceofdarkmetal":9,"minecraft:leather":18,"minecraft:stone_pickaxe":2,"sophisticatedbackpacks:iron_backpack":1,"minecraft:wheat":216,"minecraft:cooked_beef":18,"minecraft:diamond_sword":1,"minecraft:enchanting_table":1,"minecraft:iron_sword":1,"sophisticatedbackpacks:gold_backpack":1,"minecraft:mangrove_planks":4,"minecraft:bucket":1,"minecraft:stone_axe":4,"minecraft:bread":72,"minecraft:air":0,"minecraft:acacia_planks":24,"minecraft:torch":20,"minecraft:lapis_block":17,"minecraft:diamond_chestplate":1},"minecraft:dropped":{"minecraft:birch_planks":24,"minecraft:dark_oak_stairs":1,"quark:glow_shroom":4,"minecraft:lapis_lazuli":15,"minecraft:cooked_beef":6,"minecraft:glass_bottle":1,"minecraft:crafting_table":3,"minecraft:cooked_porkchop":3,"minecraft:pitcher_pod":2,"minecraft:dark_oak_slab":1,"minecraft:dirt":5,"tombstone:bag_of_seeds":1,"born_in_chaos_v1:monster_skin":14,"simplehats:ghostmask":1,"minecraft:iron_pickaxe":1,"minecraft:dark_oak_planks":12,"minecraft:birch_log":1,"minecraft:white_wool":1,"minecraft:birch_stairs":6,"minecraft:bone":16,"tombstone:lollipop":1,"minecraft:gravel":2,"simplehats:hatbag_rare":1,"minecraft:cobbled_deepslate":23,"minecraft:black_carpet":9,"minecraft:birch_sapling":2,"born_in_chaos_v1:ethereal_spirit":1,"minecraft:pointed_dripstone":9,"minecraft:rotten_flesh":53,"minecraft:oak_planks":31,"quark:glow_shroom_ring":1,"simplehats:hatbag_uncommon":3,"minecraft:charcoal":6,"minecraft:melon_seeds":4,"minecraft:beetroot_seeds":21,"born_in_chaos_v1:corpse_maggot":4,"minecraft:leather_boots":1,"born_in_chaos_v1:diamond_termite_shard":2,"minecraft:painting":1,"quark:smithing_template_rune":1,"minecraft:arrow":1,"minecraft:egg":1,"minecraft:enchanted_book":2,"minecraft:bread":24,"minecraft:wheat_seeds":13,"minecraft:golden_helmet":1,"minecraft:dripstone_block":30,"minecraft:feather":17,"minecraft:cobblestone":67,"minecraft:book":192,"minecraft:granite":21,"minecraft:spruce_door":1,"minecraft:chainmail_helmet":1,"minecraft:coal":20,"minecraft:stick":5,"quark:glow_lichen_growth":1,"minecraft:gray_wool":1,"minecraft:diorite":7,"minecraft:potion":1,"minecraft:string":4,"minecraft:trapped_chest":1,"minecraft:bucket":1,"minecraft:gray_carpet":3,"minecraft:acacia_planks":5,"minecraft:chiseled_sandstone":1,"minecraft:redstone":37,"minecraft:furnace":1,"simplehats:lilbow":1,"minecraft:raw_copper":27,"minecraft:dark_oak_sign":3,"minecraft:cocoa_beans":5,"minecraft:tuff":1,"born_in_chaos_v1:rotten_fish":2,"minecraft:damaged_anvil":1,"minecraft:stripped_acacia_wood":3,"minecraft:torchflower_seeds":8,"minecraft:pumpkin_seeds":1,"minecraft:lily_of_the_valley":1,"minecraft:potato":1,"minecraft:flower_pot":2,"simplehats:hatbag_common":6,"minecraft:peony":1,"minecraft:bundle":1,"minecraft:spruce_planks":6,"born_in_chaos_v1:spiny_shell":3,"minecraft:oak_sapling":15,"minecraft:spider_eye":1,"minecraft:sandstone":1,"minecraft:bow":1,"minecraft:stone_pickaxe":2,"minecraft:wooden_pickaxe":2,"minecraft:raw_gold":5,"minecraft:calcite":2,"minecraft:dark_prismarine":1},"minecraft:broken":{"minecraft:stone_axe":2,"minecraft:iron_sword":1,"minecraft:golden_chestplate":1,"minecraft:stone_sword":1,"minecraft:shield":1},"minecraft:mined":{"minecraft:dark_oak_planks":33,"minecraft:cut_sandstone_slab":4,"minecraft:spruce_planks":42,"minecraft:white_bed":7,"minecraft:obsidian":4,"minecraft:granite":18,"quark:glow_shroom_stem":2,"minecraft:grass_block":12,"minecraft:oak_wall_sign":1,"minecraft:spawner":8,"minecraft:dark_oak_trapdoor":1,"minecraft:cobbled_deepslate":7,"minecraft:iron_ore":39,"minecraft:fire":3,"minecraft:black_carpet":10,"minecraft:deepslate_lapis_ore":27,"minecraft:dark_oak_stairs":1,"minecraft:brown_bed":5,"minecraft:oak_stairs":1,"minecraft:spruce_wood":3,"minecraft:stripped_mangrove_wood":3,"minecraft:green_bed":1,"minecraft:deepslate_redstone_ore":8,"minecraft:smoker":2,"born_in_chaos_v1:infected_deepslate_diamond_ore":2,"minecraft:blast_furnace":17,"minecraft:calcite":20,"minecraft:white_stained_glass_pane":2,"minecraft:cobblestone":8,"minecraft:oak_planks":4,"minecraft:sugar_cane":8,"minecraft:damaged_anvil":1,"minecraft:bricks":2,"minecraft:dark_oak_slab":2,"evilcraft:dark_ore_deepslate":5,"minecraft:stone_brick_stairs":1,"minecraft:smooth_stone_slab":1,"minecraft:grass":5,"minecraft:oak_log":2,"minecraft:dirt":44,"minecraft:netherrack":7,"minecraft:deepslate":55,"minecraft:dark_prismarine":15,"minecraft:tuff":2,"minecraft:deepslate_diamond_ore":1,"minecraft:hay_block":24,"minecraft:furnace":4,"minecraft:chiseled_sandstone":1,"minecraft:andesite":19,"treechop:chopped_log":6,"evilcraft:dark_ore":6,"minecraft:peony":1,"minecraft:bookshelf":84,"minecraft:deepslate_iron_ore":28,"minecraft:stone":220,"minecraft:birch_stairs":5,"minecraft:stone_brick_slab":1,"minecraft:spruce_door":1,"minecraft:red_banner":1,"minecraft:crafting_table":17,"minecraft:emerald_ore":4,"minecraft:rose_bush":1,"quark:glow_shroom_block":9,"minecraft:copper_ore":5,"minecraft:deepslate_gold_ore":15,"minecraft:diorite":28,"minecraft:birch_planks":6,"minecraft:gray_wool":1,"minecraft:red_terracotta":2,"minecraft:coal_ore":45,"minecraft:cobweb":3,"minecraft:gravel":3,"minecraft:gray_carpet":5,"minecraft:cracked_stone_bricks":1,"minecraft:acacia_planks":10,"minecraft:stripped_acacia_wood":8,"minecraft:stone_bricks":1},"minecraft:custom":{"minecraft:interact_with_crafting_table":52,"minecraft:open_barrel":14,"minecraft:eat_cake_slice":2,"minecraft:leave_game":3,"minecraft:time_since_death":89701,"minecraft:sprint_one_cm":564194,"minecraft:damage_blocked_by_shield":4665,"minecraft:drop":164,"tombstone:eaten_lollipop":2,"minecraft:play_noteblock":1,"minecraft:play_time":274149,"minecraft:deaths":7,"minecraft:jump":4118,"minecraft:walk_on_water_one_cm":24845,"minecraft:interact_with_furnace":14,"minecraft:interact_with_loom":1,"minecraft:sleep_in_bed":11,"minecraft:waystone_activated":2,"minecraft:damage_dealt":50278,"minecraft:crouch_one_cm":30298,"tombstone:undead_killed":108,"minecraft:interact_with_smoker":14,"minecraft:horse_one_cm":673900,"minecraft:mob_kills":209,"minecraft:damage_dealt_resisted":2404,"minecraft:climb_one_cm":8702,"minecraft:walk_one_cm":514503,"minecraft:sneak_time":14823,"minecraft:walk_under_water_one_cm":19119,"minecraft:interact_with_blast_furnace":39,"minecraft:total_world_time":274149,"minecraft:tune_noteblock":1,"minecraft:time_since_rest":976,"minecraft:damage_taken":10920,"minecraft:damage_absorbed":200,"minecraft:trigger_trapped_chest":1,"minecraft:swim_one_cm":54463,"minecraft:fly_one_cm":938587,"minecraft:open_chest":97,"minecraft:fall_one_cm":131194},"minecraft:killed_by":{"minecraft:husk":1,"minecraft:skeleton":1,"minecraft:phantom":3},"minecraft:killed":{"minecraft:cave_spider":5,"born_in_chaos_v1:restless_spirit":1,"born_in_chaos_v1:zombie_lumberjack":1,"minecraft:spider":5,"minecraft:skeleton":32,"minecraft:chicken":4,"minecraft:pig":23,"born_in_chaos_v1:diamond_termite":3,"minecraft:zombie_villager":3,"minecraft:creeper":3,"minecraft:sheep":5,"minecraft:zombie":30,"born_in_chaos_v1:dread_hound":6,"born_in_chaos_v1:corpse_fly":3,"born_in_chaos_v1:door_knight":1,"minecraft:cow":6,"born_in_chaos_v1:missioner":1,"minecraft:slime":7,"born_in_chaos_v1:thornshell_crab":2,"born_in_chaos_v1:zombie_bruiser":1,"born_in_chaos_v1:maggot":5,"minecraft:phantom":8,"minecraft:drowned":2,"born_in_chaos_v1:corpse_fish":4,"minecraft:husk":12,"born_in_chaos_v1:baby_skeleton":3,"minecraft:hoglin":4,"born_in_chaos_v1:decrepit_skeleton":5,"born_in_chaos_v1:bloody_gadfly":1,"born_in_chaos_v1:nightmare_stalker":1,"minecraft:wither_skeleton":16}},"DataVersion":3465}