{"stats":{"minecraft:killed":{"minecraft:cave_spider":25,"born_in_chaos_v1:mr_pumpkin":2,"born_in_chaos_v1:restless_spirit":3,"born_in_chaos_v1:zombie_lumberjack":2,"born_in_chaos_v1:skeleton_demoman":1,"born_in_chaos_v1:door_knight_not_despawn":1,"born_in_chaos_v1:siamese_skeletonsright":3,"born_in_chaos_v1:baby_skeleton_minion":3,"minecraft:skeleton":71,"minecraft:chicken":4,"born_in_chaos_v1:skeleton_thrasher":3,"born_in_chaos_v1:supreme_bonescaller_stage_2":1,"minecraft:zombie":97,"born_in_chaos_v1:corpse_fly":6,"born_in_chaos_v1:door_knight":3,"minecraft:cow":19,"born_in_chaos_v1:skeleton_thrasher_not_despawn":1,"born_in_chaos_v1:thornshell_crab":3,"born_in_chaos_v1:barrel_zombie":2,"minecraft:husk":49,"born_in_chaos_v1:bone_imp_minion":19,"born_in_chaos_v1:decrepit_skeleton":17,"born_in_chaos_v1:bloody_gadfly":1,"minecraft:enderman":2,"born_in_chaos_v1:zombie_clown":1,"minecraft:spider":25,"born_in_chaos_v1:scarlet_persecutor":3,"born_in_chaos_v1:firelight_not_despawn":3,"minecraft:pig":27,"minecraft:zombie_villager":5,"born_in_chaos_v1:diamond_termite":10,"minecraft:creeper":13,"minecraft:sheep":5,"born_in_chaos_v1:dread_hound":11,"minecraft:stray":23,"born_in_chaos_v1:siamese_skeletonsleft":3,"minecraft:vex":2,"born_in_chaos_v1:missioner":2,"minecraft:slime":7,"born_in_chaos_v1:zombie_bruiser":3,"born_in_chaos_v1:maggot":34,"minecraft:phantom":10,"minecraft:drowned":2,"born_in_chaos_v1:corpse_fish":4,"born_in_chaos_v1:fallen_chaos_knight":1,"born_in_chaos_v1:baby_skeleton":8,"minecraft:hoglin":4,"born_in_chaos_v1:decaying_zombie":6,"born_in_chaos_v1:bonescaller_not_despawn":2,"born_in_chaos_v1:nightmare_stalker":1,"minecraft:wither_skeleton":16,"born_in_chaos_v1:decaying_zombie_not_despawn":1},"minecraft:used":{"sophisticatedbackpacks:copper_backpack":1,"minecraft:chest":3,"born_in_chaos_v1:smoked_flesh":77,"minecraft:dark_oak_slab":1,"minecraft:stone_brick_stairs":1,"minecraft:bow":133,"minecraft:furnace":12,"minecraft:oak_sapling":2,"minecraft:egg":2,"minecraft:diorite":19,"minecraft:damaged_anvil":3,"minecraft:wooden_pickaxe":11,"minecraft:cookie":15,"minecraft:golden_apple":16,"minecraft:blast_furnace":9,"minecraft:purple_terracotta":22,"born_in_chaos_v1:staffof_magic_arrows":1,"minecraft:red_terracotta":13,"minecraft:polished_granite":6,"minecraft:diamond_sword":2058,"minecraft:stripped_acacia_wood":1,"minecraft:enchanting_table":2,"minecraft:stone_sword":248,"minecraft:netherrack":5,"minecraft:torch":51,"minecraft:brewing_stand":1,"quark:cherry_bookshelf":77,"tombstone:gift":11,"minecraft:acacia_planks":20,"minecraft:cobbled_deepslate":28,"minecraft:calcite":2,"minecraft:water_bucket":38,"minecraft:birch_planks":126,"minecraft:bundle":1,"minecraft:cherry_planks":3,"minecraft:crafting_table":25,"minecraft:white_bed":8,"minecraft:cake":1,"minecraft:dark_prismarine":3,"minecraft:diamond_shovel":226,"minecraft:iron_pickaxe":83,"tombstone:magic_scroll":1,"minecraft:cobblestone":84,"minecraft:cooked_porkchop":62,"quark:oak_chest":14,"minecraft:shield":134,"minecraft:iron_sword":176,"tombstone:lollipop":2,"minecraft:carrot":16,"tombstone:decorative_grave_simple":1,"minecraft:stone_bricks":1,"minecraft:item_frame":6,"minecraft:stone_pickaxe":128,"minecraft:oak_planks":259,"minecraft:diamond_axe":732,"minecraft:sugar_cane":19,"minecraft:cobbled_deepslate_stairs":3,"waystones:waystone":3,"sophisticatedbackpacks:backpack":1,"minecraft:bread":101,"minecraft:string":1,"minecraft:granite_slab":2,"tombstone:decorative_subaraki_grave":1,"minecraft:chest_minecart":1,"minecraft:experience_bottle":13,"minecraft:stone_shovel":8,"minecraft:spruce_planks":43,"minecraft:stone_hoe":24,"minecraft:dirt":136,"minecraft:dark_oak_planks":9,"minecraft:bookshelf":10,"minecraft:netherite_pickaxe":1238,"minecraft:cooked_beef":19,"minecraft:enchanted_golden_apple":1,"minecraft:brown_bed":6,"minecraft:cooked_mutton":5,"minecraft:polished_andesite":53,"minecraft:baked_potato":23,"minecraft:terracotta":18,"minecraft:painting":1,"minecraft:smoker":6,"tombstone:bag_of_seeds":10,"minecraft:stone_axe":312,"minecraft:pink_petals":3,"born_in_chaos_v1:tombstone_dark_titan_066":1,"minecraft:bucket":39,"minecraft:yellow_bed":4},"minecraft:custom":{"minecraft:interact_with_crafting_table":101,"minecraft:open_barrel":86,"minecraft:eat_cake_slice":2,"minecraft:leave_game":8,"minecraft:time_since_death":4858,"minecraft:damage_blocked_by_shield":10605,"tombstone:eaten_lollipop":2,"minecraft:play_time":667015,"minecraft:deaths":24,"minecraft:jump":9377,"minecraft:enchant_item":2,"minecraft:interact_with_furnace":60,"minecraft:sleep_in_bed":23,"minecraft:waystone_activated":6,"minecraft:damage_dealt":138057,"tombstone:undead_killed":348,"minecraft:interact_with_smoker":59,"minecraft:horse_one_cm":673900,"minecraft:interact_with_anvil":3,"minecraft:damage_dealt_absorbed":240,"minecraft:sneak_time":26124,"minecraft:interact_with_blast_furnace":86,"minecraft:total_world_time":667015,"minecraft:tune_noteblock":1,"minecraft:time_since_rest":4374,"minecraft:swim_one_cm":134679,"minecraft:fly_one_cm":2051809,"minecraft:open_chest":540,"minecraft:fall_one_cm":285367,"minecraft:damage_resisted":79,"minecraft:sprint_one_cm":1388818,"minecraft:drop":314,"minecraft:play_noteblock":1,"minecraft:interact_with_brewingstand":1,"minecraft:walk_on_water_one_cm":57692,"minecraft:interact_with_loom":1,"minecraft:crouch_one_cm":61625,"minecraft:mob_kills":579,"minecraft:damage_dealt_resisted":18759,"minecraft:climb_one_cm":14800,"minecraft:walk_one_cm":1301384,"minecraft:walk_under_water_one_cm":43567,"minecraft:damage_taken":29819,"minecraft:damage_absorbed":820,"minecraft:trigger_trapped_chest":1},"minecraft:picked_up":{"simplehats:babydolphin":1,"minecraft:iron_chestplate":2,"minecraft:chainmail_boots":2,"minecraft:flower_pot":3,"minecraft:diamond_sword":5,"minecraft:oak_stairs":1,"minecraft:brown_bed":6,"minecraft:enchanted_book":5,"minecraft:brewing_stand":1,"minecraft:string":63,"minecraft:dark_oak_trapdoor":1,"minecraft:diamond_leggings":1,"minecraft:gold_nugget":2,"minecraft:cobbled_deepslate":111,"minecraft:spruce_planks":56,"minecraft:coal_block":6,"minecraft:mangrove_log":1,"minecraft:golden_helmet":1,"born_in_chaos_v1:shattered_skull":2,"minecraft:acacia_log":1,"minecraft:cherry_log":142,"born_in_chaos_v1:black_argillite_brick_stairs":1,"minecraft:golden_chestplate":1,"minecraft:iron_block":2,"minecraft:birch_log":43,"born_in_chaos_v1:staffof_magic_arrows":2,"minecraft:feather":17,"born_in_chaos_v1:spiritual_dust":23,"minecraft:smoker":4,"minecraft:magenta_bed":1,"minecraft:lantern":1,"simplehats:hatbag_epic":4,"minecraft:dark_oak_sign":3,"simplehats:hatbag_uncommon":21,"minecraft:pitcher_pod":2,"minecraft:stripped_acacia_wood":10,"simplehats:rgbsmallbowler":1,"minecraft:granite_slab":96,"quark:glow_lichen_growth":1,"minecraft:trapped_chest":1,"minecraft:dark_oak_log":2,"minecraft:red_terracotta":13,"minecraft:bundle":9,"minecraft:polished_andesite":72,"minecraft:granite":22,"minecraft:chainmail_helmet":5,"born_in_chaos_v1:rotten_fish":6,"minecraft:diamond_pickaxe":1,"minecraft:crimson_roots":3,"sophisticatedbackpacks:gold_backpack":1,"minecraft:crafting_table":23,"minecraft:clay_ball":4,"born_in_chaos_v1:seedof_chaos":3,"born_in_chaos_v1:charmof_resistance":1,"born_in_chaos_v1:fired_black_argillite":2,"born_in_chaos_v1:intoxicating_decoction":1,"minecraft:iron_shovel":2,"simplehats:dairyqueen":1,"minecraft:beef":41,"born_in_chaos_v1:gnawed_bones":1,"minecraft:chest":1,"minecraft:birch_sapling":10,"minecraft:egg":3,"minecraft:sandstone":1,"minecraft:stone":34,"simplehats:hatbag_common":29,"born_in_chaos_v1:pieceofdarkmetal":23,"minecraft:carrot":4,"minecraft:redstone":268,"minecraft:prismarine_crystals":3,"minecraft:mangrove_trapdoor":2,"minecraft:beetroot_seeds":16,"minecraft:peony":1,"minecraft:hay_block":24,"born_in_chaos_v1:spiny_shell":11,"tombstone:essence_of_undeath":2,"sophisticatedbackpacks:copper_backpack":1,"minecraft:glow_berries":6,"minecraft:mutton":7,"minecraft:white_wool":5,"minecraft:rail":7,"born_in_chaos_v1:monster_flesh":6,"minecraft:oak_log":161,"minecraft:golden_boots":1,"tombstone:gift":2,"minecraft:white_banner":1,"sophisticatedbackpacks:upgrade_base":1,"minecraft:apple":6,"minecraft:stone_bricks":1,"quark:glow_shroom":4,"tombstone:bag_of_seeds":9,"minecraft:glass_bottle":1,"minecraft:iron_sword":4,"minecraft:dark_oak_stairs":3,"minecraft:polished_andesite_stairs":1,"minecraft:dark_oak_slab":2,"born_in_chaos_v1:orbofthe_summoner":1,"born_in_chaos_v1:ethereal_spirit":11,"minecraft:torchflower_seeds":8,"minecraft:gravel":13,"minecraft:birch_stairs":6,"minecraft:leather_helmet":1,"minecraft:diamond_shovel":2,"simplehats:hatbag_halloween":2,"minecraft:slime_ball":9,"minecraft:diamond_axe":2,"minecraft:painting":2,"minecraft:gray_wool":1,"minecraft:melon_seeds":10,"minecraft:ender_pearl":1,"minecraft:black_carpet":9,"simplehats:hatbag_rare":15,"minecraft:potion":3,"minecraft:stone_brick_stairs":1,"evilcraft:ender_tear":2,"minecraft:raw_copper":27,"minecraft:iron_leggings":2,"minecraft:armor_stand":4,"minecraft:oak_sign":2,"minecraft:sea_pickle":3,"simplehats:lilbow":1,"minecraft:bucket":1,"minecraft:calcite":31,"minecraft:iron_pickaxe":2,"simplehats:digger":1,"minecraft:iron_boots":2,"minecraft:furnace":12,"minecraft:tipped_arrow":9,"minecraft:stick":109,"quark:glow_shroom_ring":1,"born_in_chaos_v1:phantom_powder":1,"minecraft:torch":23,"minecraft:spruce_stairs":3,"minecraft:porkchop":65,"simplehats:batwinghat":3,"minecraft:pointed_dripstone":10,"simplehats:ushanka":1,"tombstone:grave_dust":68,"minecraft:diorite":26,"born_in_chaos_v1:nightmare_claw":1,"tombstone:lollipop":31,"minecraft:rotten_flesh":261,"minecraft:obsidian":9,"minecraft:cobblestone":303,"minecraft:enchanting_table":1,"minecraft:pink_petals":270,"minecraft:leather_chestplate":3,"minecraft:cherry_planks":77,"minecraft:andesite":5,"minecraft:golden_leggings":2,"minecraft:potato":3,"minecraft:tuff":1,"evilcraft:flesh_humanoid":1,"minecraft:wither_skeleton_skull":2,"minecraft:dirt":172,"minecraft:lapis_lazuli":288,"minecraft:polished_granite":6,"minecraft:name_tag":2,"born_in_chaos_v1:monster_skin":27,"minecraft:leather_boots":2,"minecraft:bone":170,"minecraft:acacia_planks":10,"minecraft:bow":14,"minecraft:wheat_seeds":29,"minecraft:raw_gold":58,"minecraft:oak_planks":51,"simplehats:babyturtle":1,"minecraft:poisonous_potato":2,"minecraft:sand":224,"minecraft:lily_of_the_valley":1,"minecraft:chiseled_sandstone":1,"minecraft:dark_prismarine":27,"born_in_chaos_v1:fire_dust":3,"minecraft:diamond":6,"waystones:waystone":4,"minecraft:golden_apple":1,"minecraft:emerald":18,"minecraft:oak_sapling":53,"minecraft:netherrack":6,"minecraft:andesite_slab":30,"minecraft:cocoa_beans":10,"minecraft:charcoal":6,"born_in_chaos_v1:diamond_termite_shard":8,"minecraft:chicken":4,"minecraft:chest_minecart":1,"minecraft:wooden_pickaxe":1,"simplehats:poofballrgb":1,"minecraft:chain":3,"simplehats:ghostmask":2,"minecraft:shield":2,"minecraft:stone_stairs":1,"minecraft:iron_axe":1,"minecraft:item_frame":1,"minecraft:sugar_cane":21,"minecraft:phantom_membrane":5,"minecraft:raw_iron":210,"minecraft:stripped_mangrove_wood":3,"minecraft:cookie":15,"born_in_chaos_v1:charmof_endurance":1,"minecraft:purple_terracotta":22,"minecraft:dark_oak_planks":41,"minecraft:arrow":95,"born_in_chaos_v1:fused_bone":6,"minecraft:netherite_boots":1,"born_in_chaos_v1:corpse_maggot":33,"minecraft:leather":15,"minecraft:birch_planks":16,"minecraft:crimson_fungus":1,"quark:music_disc_rain":1,"minecraft:chainmail_chestplate":3,"minecraft:yellow_bed":4,"minecraft:cobbled_deepslate_stairs":3,"minecraft:gunpowder":10,"minecraft:cooked_mutton":5,"minecraft:red_carpet":2,"minecraft:gray_carpet":4,"minecraft:spruce_wood":3,"minecraft:iron_ingot":8,"minecraft:polished_andesite_slab":2,"minecraft:book":1242,"minecraft:dripstone_block":30,"simplehats:slime_cube_dnd":1,"born_in_chaos_v1:dark_rod":2,"minecraft:red_banner":1,"minecraft:blast_furnace":19,"minecraft:white_bed":7,"minecraft:spruce_door":1,"quark:oak_chest":2,"minecraft:spider_eye":11,"minecraft:chainmail_leggings":3,"evilcraft:dark_gem":112,"minecraft:iron_helmet":2,"minecraft:cherry_sapling":85,"born_in_chaos_v1:tombstone_dark_titan_066":1,"minecraft:terracotta":19,"tombstone:magic_scroll":11,"minecraft:damaged_anvil":5,"minecraft:coal":456},"minecraft:dropped":{"minecraft:lapis_lazuli":15,"minecraft:cooked_beef":6,"minecraft:glass_bottle":1,"minecraft:crafting_table":3,"minecraft:cooked_porkchop":3,"minecraft:pitcher_pod":2,"minecraft:dark_oak_slab":1,"minecraft:rail":1,"minecraft:leather_helmet":1,"born_in_chaos_v1:monster_flesh":2,"minecraft:dirt":5,"simplehats:ghostmask":1,"minecraft:gold_nugget":2,"minecraft:iron_pickaxe":1,"born_in_chaos_v1:fired_black_argillite":2,"minecraft:dark_oak_planks":12,"minecraft:white_wool":1,"minecraft:birch_stairs":6,"minecraft:bone":16,"tombstone:lollipop":1,"simplehats:hatbag_rare":10,"minecraft:cobbled_deepslate":24,"minecraft:black_carpet":9,"minecraft:birch_sapling":10,"minecraft:wheat":3,"minecraft:rotten_flesh":94,"minecraft:oak_planks":32,"evilcraft:flesh_humanoid":1,"quark:glow_shroom_ring":1,"simplehats:hatbag_uncommon":18,"minecraft:charcoal":6,"minecraft:leather_boots":2,"minecraft:painting":1,"quark:smithing_template_rune":1,"minecraft:egg":1,"minecraft:enchanted_book":2,"minecraft:golden_boots":1,"minecraft:wheat_seeds":31,"minecraft:mangrove_trapdoor":2,"minecraft:dripstone_block":30,"minecraft:feather":17,"minecraft:cobblestone":70,"minecraft:book":192,"minecraft:granite":21,"minecraft:spruce_door":1,"minecraft:chainmail_helmet":4,"minecraft:coal":20,"minecraft:polished_andesite":19,"minecraft:gray_wool":1,"minecraft:potion":1,"minecraft:chainmail_leggings":1,"minecraft:string":4,"minecraft:trapped_chest":1,"minecraft:acacia_planks":5,"minecraft:gray_carpet":4,"simplehats:batwinghat":2,"minecraft:furnace":1,"simplehats:lilbow":1,"simplehats:babydolphin":1,"minecraft:dark_oak_sign":3,"minecraft:cocoa_beans":5,"born_in_chaos_v1:rotten_fish":3,"minecraft:clay_ball":4,"minecraft:damaged_anvil":1,"minecraft:torchflower_seeds":11,"minecraft:pumpkin_seeds":5,"minecraft:lily_of_the_valley":1,"minecraft:potato":2,"minecraft:flower_pot":2,"simplehats:hatbag_common":24,"minecraft:peony":1,"minecraft:spruce_planks":6,"minecraft:bundle":5,"minecraft:spider_eye":2,"minecraft:sandstone":1,"minecraft:bow":7,"minecraft:dark_prismarine":17,"minecraft:terracotta":1,"minecraft:birch_planks":24,"minecraft:dark_oak_stairs":3,"quark:glow_shroom":4,"tombstone:bag_of_seeds":4,"born_in_chaos_v1:monster_skin":14,"minecraft:crimson_roots":3,"minecraft:birch_log":3,"minecraft:gravel":2,"minecraft:andesite_slab":16,"born_in_chaos_v1:ethereal_spirit":1,"minecraft:pointed_dripstone":10,"minecraft:cherry_sapling":33,"minecraft:diamond_shovel":1,"minecraft:stone_stairs":1,"minecraft:leather_chestplate":3,"minecraft:beetroot_seeds":23,"minecraft:melon_seeds":6,"born_in_chaos_v1:corpse_maggot":30,"born_in_chaos_v1:dark_metal_ingot":7,"minecraft:chest":1,"born_in_chaos_v1:diamond_termite_shard":2,"minecraft:arrow":1,"minecraft:bread":26,"minecraft:golden_helmet":1,"minecraft:poisonous_potato":2,"evilcraft:dark_gem":26,"minecraft:spruce_stairs":3,"minecraft:acacia_log":1,"minecraft:stick":5,"quark:glow_lichen_growth":1,"minecraft:diorite":7,"born_in_chaos_v1:fused_bone":2,"minecraft:polished_andesite_stairs":1,"minecraft:granite_slab":42,"born_in_chaos_v1:staffof_magic_arrows":1,"minecraft:bucket":1,"minecraft:chiseled_sandstone":1,"minecraft:redstone":74,"born_in_chaos_v1:black_argillite_brick_stairs":1,"minecraft:raw_copper":27,"minecraft:tuff":1,"born_in_chaos_v1:spiritual_dust":18,"minecraft:stripped_acacia_wood":3,"simplehats:poofballrgb":2,"minecraft:shield":3,"born_in_chaos_v1:spiny_shell":3,"minecraft:andesite":2,"minecraft:golden_leggings":2,"minecraft:oak_sapling":51,"minecraft:stone_pickaxe":2,"minecraft:wooden_pickaxe":2,"minecraft:raw_gold":5,"minecraft:calcite":25},"minecraft:mined":{"minecraft:dark_oak_planks":33,"minecraft:cut_sandstone_slab":4,"minecraft:white_bed":8,"minecraft:cherry_log":4,"minecraft:potted_crimson_fungus":1,"minecraft:obsidian":9,"minecraft:granite":19,"minecraft:coal_block":6,"minecraft:oak_wall_sign":1,"minecraft:spawner":32,"minecraft:dark_oak_trapdoor":1,"minecraft:cobbled_deepslate":9,"minecraft:fire":11,"minecraft:granite_slab":50,"minecraft:deepslate_lapis_ore":43,"minecraft:enchanting_table":1,"minecraft:oak_stairs":1,"minecraft:spruce_wood":3,"minecraft:iron_block":2,"minecraft:stripped_mangrove_wood":3,"minecraft:smoker":4,"born_in_chaos_v1:infected_deepslate_diamond_ore":2,"minecraft:torch":1,"minecraft:blast_furnace":19,"minecraft:polished_andesite_stairs":1,"minecraft:white_stained_glass_pane":2,"minecraft:sugar_cane":8,"minecraft:damaged_anvil":4,"minecraft:bricks":2,"minecraft:chain":3,"quark:cherry_bookshelf":39,"minecraft:magenta_bed":1,"minecraft:stone_brick_stairs":1,"minecraft:grass":27,"minecraft:deepslate":135,"minecraft:dark_prismarine":31,"minecraft:dark_oak_fence":1,"minecraft:crimson_roots":5,"minecraft:black_stained_glass_pane":2,"minecraft:redstone_ore":5,"minecraft:andesite":24,"minecraft:birch_stairs":5,"minecraft:cherry_planks":3,"quark:oak_chest":2,"minecraft:stone_brick_slab":1,"minecraft:emerald_ore":4,"minecraft:tall_grass":9,"quark:glow_shroom_block":9,"minecraft:copper_ore":5,"minecraft:deepslate_gold_ore":38,"minecraft:diorite":30,"minecraft:red_terracotta":13,"minecraft:gravel":3,"minecraft:cobweb":13,"minecraft:acacia_planks":10,"minecraft:stone_bricks":1,"minecraft:gold_ore":13,"minecraft:spruce_planks":57,"minecraft:cobbled_deepslate_stairs":3,"minecraft:brewing_stand":1,"quark:glow_shroom_stem":2,"minecraft:grass_block":12,"minecraft:iron_ore":101,"born_in_chaos_v1:black_argillite_brick_stairs":7,"minecraft:black_carpet":10,"minecraft:dark_oak_stairs":4,"minecraft:brown_bed":5,"minecraft:pointed_dripstone":1,"minecraft:green_bed":1,"minecraft:deepslate_redstone_ore":40,"minecraft:calcite":41,"minecraft:cobblestone":11,"minecraft:oak_planks":54,"minecraft:pink_petals":10,"minecraft:stone_stairs":1,"minecraft:dark_oak_slab":2,"born_in_chaos_v1:tombstone_dark_titan_066":1,"evilcraft:dark_ore_deepslate":11,"born_in_chaos_v1:fired_black_argillite":2,"minecraft:smooth_stone_slab":1,"minecraft:oak_log":3,"minecraft:sand":226,"minecraft:dirt":44,"minecraft:netherrack":7,"minecraft:oak_leaves":3,"minecraft:diamond_ore":1,"minecraft:tuff":2,"minecraft:deepslate_diamond_ore":4,"born_in_chaos_v1:infected_diamond_ore":5,"minecraft:purple_terracotta":22,"minecraft:polished_andesite_slab":1,"minecraft:mangrove_trapdoor":2,"minecraft:hay_block":24,"minecraft:furnace":11,"minecraft:chiseled_sandstone":1,"treechop:chopped_log":37,"evilcraft:dark_ore":13,"minecraft:peony":1,"minecraft:bookshelf":311,"minecraft:deepslate_iron_ore":109,"minecraft:stone":242,"minecraft:red_banner":1,"minecraft:spruce_door":1,"minecraft:polished_granite":7,"minecraft:crafting_table":19,"minecraft:rose_bush":1,"minecraft:andesite_slab":15,"born_in_chaos_v1:chipped_black_argillite_brick":1,"minecraft:lapis_ore":2,"minecraft:spruce_stairs":4,"minecraft:gray_wool":1,"minecraft:birch_planks":19,"minecraft:white_wall_banner":1,"minecraft:yellow_bed":4,"minecraft:coal_ore":168,"quark:monster_box":1,"minecraft:gray_carpet":6,"minecraft:cracked_stone_bricks":1,"minecraft:terracotta":19,"minecraft:stripped_acacia_wood":8,"minecraft:polished_andesite":76},"minecraft:killed_by":{"born_in_chaos_v1:nightmare_stalker":1,"born_in_chaos_v1:scarlet_persecutor":1,"minecraft:vex":4,"minecraft:husk":3,"born_in_chaos_v1:baby_skeleton_minion":2,"minecraft:stray":3,"minecraft:enderman":1,"minecraft:skeleton":4,"minecraft:phantom":3},"minecraft:crafted":{"minecraft:black_dye":1,"minecraft:smooth_stone":3,"sophisticatedbackpacks:crafting_upgrade":1,"minecraft:bookshelf":26,"minecraft:glass":172,"sophisticatedbackpacks:smelting_upgrade":1,"minecraft:diamond_helmet":1,"evilcraft:blood_extractor":1,"minecraft:cooked_porkchop":65,"minecraft:diamond_axe":1,"quark:oak_chest":13,"born_in_chaos_v1:smoked_flesh":105,"minecraft:iron_pickaxe":1,"minecraft:iron_block":8,"minecraft:gold_ingot":67,"sophisticatedbackpacks:blasting_upgrade":1,"tombstone:book_of_disenchantment":7,"minecraft:stone_shovel":1,"tombstone:strange_tablet":2,"sophisticatedbackpacks:stack_upgrade_tier_1":1,"tombstone:blue_marble":7,"quark:cherry_bookshelf":77,"born_in_chaos_v1:pieceofdarkmetal":27,"minecraft:stone_pickaxe":2,"minecraft:dark_oak_planks":8,"minecraft:wheat":216,"evilcraft:dark_tank":19,"minecraft:enchanting_table":1,"sophisticatedbackpacks:gold_backpack":1,"minecraft:bone":6,"minecraft:golden_apple":13,"minecraft:oak_planks":596,"minecraft:stone":14,"born_in_chaos_v1:dark_metal_ingot":14,"minecraft:bow":5,"minecraft:iron_boots":1,"minecraft:chest":5,"minecraft:stone_hoe":1,"born_in_chaos_v1:pileof_dark_metal":7,"minecraft:smoker":3,"minecraft:item_frame":6,"sophisticatedbackpacks:backpack":3,"minecraft:crafting_table":7,"minecraft:spruce_planks":12,"minecraft:baked_potato":23,"minecraft:wooden_pickaxe":1,"minecraft:iron_helmet":3,"tombstone:decorative_grave_simple":1,"minecraft:birch_planks":160,"sophisticatedbackpacks:upgrade_base":3,"minecraft:iron_chestplate":1,"minecraft:shield":5,"minecraft:stick":28,"minecraft:iron_ingot":206,"minecraft:stone_sword":2,"tombstone:decorative_subaraki_grave":1,"evilcraft:dark_spike":16,"minecraft:cherry_planks":457,"minecraft:coal":54,"minecraft:furnace":4,"minecraft:leather":20,"sophisticatedbackpacks:iron_backpack":1,"minecraft:cooked_beef":25,"minecraft:diamond_sword":2,"minecraft:iron_sword":1,"minecraft:mangrove_planks":4,"minecraft:bucket":1,"minecraft:stone_axe":4,"minecraft:bread":72,"minecraft:air":0,"tombstone:dark_marble":4,"minecraft:acacia_planks":24,"minecraft:torch":76,"minecraft:lapis_lazuli":225,"minecraft:lapis_block":25,"minecraft:diamond_chestplate":2},"minecraft:broken":{"minecraft:diamond_helmet":1,"minecraft:iron_boots":3,"minecraft:iron_chestplate":1,"minecraft:iron_sword":1,"minecraft:stone_sword":1,"minecraft:shield":2,"minecraft:iron_helmet":4,"minecraft:netherite_boots":1,"minecraft:stone_axe":2,"minecraft:golden_chestplate":1,"minecraft:diamond_chestplate":1}},"DataVersion":3465}