{"stats":{"minecraft:used":{"minecraft:chest":3,"minecraft:shield":88,"minecraft:iron_sword":176,"tombstone:lollipop":2,"minecraft:carrot":16,"born_in_chaos_v1:smoked_flesh":9,"minecraft:dark_oak_slab":1,"minecraft:stone_brick_stairs":1,"minecraft:stone_bricks":1,"minecraft:bow":9,"minecraft:oak_sapling":2,"minecraft:furnace":3,"minecraft:egg":2,"minecraft:diorite":18,"minecraft:oak_planks":168,"minecraft:stone_pickaxe":128,"minecraft:wooden_pickaxe":11,"minecraft:sugar_cane":19,"minecraft:diamond_axe":377,"minecraft:golden_apple":9,"minecraft:blast_furnace":5,"minecraft:cobbled_deepslate_stairs":3,"waystones:waystone":2,"minecraft:bread":99,"minecraft:string":1,"minecraft:red_terracotta":2,"minecraft:diamond_sword":1326,"minecraft:stripped_acacia_wood":1,"minecraft:enchanting_table":1,"minecraft:stone_sword":248,"minecraft:stone_shovel":8,"minecraft:spruce_planks":33,"minecraft:stone_hoe":24,"minecraft:netherrack":5,"minecraft:torch":23,"minecraft:dirt":136,"quark:cherry_bookshelf":26,"minecraft:dark_oak_planks":9,"minecraft:bookshelf":10,"minecraft:netherite_pickaxe":472,"tombstone:gift":8,"minecraft:cooked_beef":12,"minecraft:cobbled_deepslate":10,"minecraft:acacia_planks":20,"minecraft:brown_bed":6,"minecraft:water_bucket":28,"minecraft:birch_planks":1,"minecraft:bundle":1,"minecraft:baked_potato":2,"minecraft:crafting_table":23,"minecraft:white_bed":8,"minecraft:painting":1,"minecraft:cake":1,"minecraft:smoker":3,"tombstone:bag_of_seeds":10,"minecraft:dark_prismarine":3,"minecraft:iron_pickaxe":83,"minecraft:stone_axe":312,"minecraft:cobblestone":57,"minecraft:bucket":28,"minecraft:cooked_porkchop":55,"minecraft:yellow_bed":2},"minecraft:picked_up":{"minecraft:black_carpet":9,"simplehats:hatbag_rare":2,"minecraft:flower_pot":3,"minecraft:diamond_sword":1,"minecraft:oak_stairs":1,"minecraft:brown_bed":6,"minecraft:potion":3,"minecraft:enchanted_book":5,"minecraft:stone_brick_stairs":1,"minecraft:brewing_stand":1,"minecraft:string":42,"minecraft:dark_oak_trapdoor":1,"minecraft:raw_copper":27,"minecraft:iron_leggings":1,"minecraft:oak_sign":2,"minecraft:sea_pickle":3,"simplehats:lilbow":1,"minecraft:diamond_leggings":1,"minecraft:cobbled_deepslate":33,"minecraft:bucket":1,"minecraft:spruce_planks":42,"minecraft:calcite":14,"minecraft:iron_pickaxe":1,"minecraft:coal_block":3,"simplehats:digger":1,"minecraft:mangrove_log":1,"minecraft:iron_boots":1,"minecraft:furnace":5,"minecraft:tipped_arrow":9,"minecraft:golden_helmet":1,"minecraft:stick":47,"born_in_chaos_v1:shattered_skull":1,"quark:glow_shroom_ring":1,"born_in_chaos_v1:phantom_powder":1,"minecraft:torch":2,"minecraft:porkchop":61,"simplehats:batwinghat":3,"minecraft:cherry_log":39,"simplehats:ushanka":1,"minecraft:pointed_dripstone":9,"tombstone:grave_dust":36,"minecraft:diorite":25,"born_in_chaos_v1:nightmare_claw":1,"born_in_chaos_v1:black_argillite_brick_stairs":1,"minecraft:golden_chestplate":1,"tombstone:lollipop":9,"minecraft:rotten_flesh":81,"minecraft:iron_block":2,"minecraft:obsidian":4,"minecraft:cobblestone":279,"minecraft:birch_log":7,"born_in_chaos_v1:staffof_magic_arrows":1,"minecraft:feather":17,"born_in_chaos_v1:spiritual_dust":4,"minecraft:smoker":2,"minecraft:potato":2,"minecraft:tuff":1,"minecraft:wither_skeleton_skull":2,"minecraft:lapis_lazuli":162,"minecraft:dirt":171,"minecraft:lantern":1,"minecraft:name_tag":1,"simplehats:hatbag_epic":1,"born_in_chaos_v1:monster_skin":23,"minecraft:leather_boots":1,"minecraft:bone":110,"minecraft:acacia_planks":10,"minecraft:bow":7,"minecraft:wheat_seeds":28,"minecraft:raw_gold":22,"minecraft:dark_oak_sign":3,"simplehats:hatbag_uncommon":7,"minecraft:pitcher_pod":2,"minecraft:oak_planks":41,"simplehats:babyturtle":1,"minecraft:stripped_acacia_wood":10,"minecraft:dark_oak_log":2,"simplehats:rgbsmallbowler":1,"quark:glow_lichen_growth":1,"minecraft:lily_of_the_valley":1,"minecraft:trapped_chest":1,"minecraft:chiseled_sandstone":1,"minecraft:red_terracotta":2,"minecraft:dark_prismarine":11,"minecraft:bundle":4,"born_in_chaos_v1:fire_dust":3,"minecraft:diamond":2,"waystones:waystone":3,"minecraft:granite":21,"minecraft:golden_apple":1,"minecraft:chainmail_helmet":1,"minecraft:emerald":4,"minecraft:oak_sapling":42,"born_in_chaos_v1:rotten_fish":6,"minecraft:netherrack":6,"minecraft:crimson_roots":3,"minecraft:diamond_pickaxe":1,"minecraft:crafting_table":21,"minecraft:cocoa_beans":10,"minecraft:charcoal":6,"born_in_chaos_v1:diamond_termite_shard":2,"minecraft:chicken":4,"born_in_chaos_v1:seedof_chaos":2,"minecraft:wooden_pickaxe":1,"minecraft:chain":3,"simplehats:ghostmask":2,"born_in_chaos_v1:fired_black_argillite":2,"minecraft:shield":1,"simplehats:dairyqueen":1,"minecraft:beef":18,"minecraft:sugar_cane":19,"minecraft:birch_sapling":2,"minecraft:phantom_membrane":3,"minecraft:egg":3,"minecraft:raw_iron":67,"minecraft:sandstone":1,"minecraft:stripped_mangrove_wood":3,"simplehats:hatbag_common":12,"born_in_chaos_v1:pieceofdarkmetal":5,"minecraft:carrot":2,"minecraft:redstone":74,"minecraft:mangrove_trapdoor":2,"minecraft:dark_oak_planks":37,"minecraft:arrow":51,"minecraft:beetroot_seeds":16,"minecraft:peony":1,"minecraft:hay_block":24,"born_in_chaos_v1:spiny_shell":11,"tombstone:essence_of_undeath":1,"minecraft:mutton":7,"minecraft:white_wool":5,"born_in_chaos_v1:corpse_maggot":7,"minecraft:netherite_boots":1,"born_in_chaos_v1:monster_flesh":1,"minecraft:leather":5,"minecraft:birch_planks":6,"minecraft:crimson_fungus":1,"minecraft:oak_log":126,"minecraft:chainmail_chestplate":1,"minecraft:yellow_bed":2,"minecraft:cobbled_deepslate_stairs":3,"minecraft:gunpowder":3,"minecraft:white_banner":1,"tombstone:gift":1,"minecraft:red_carpet":2,"minecraft:stone_bricks":1,"minecraft:apple":4,"minecraft:gray_carpet":3,"minecraft:spruce_wood":3,"minecraft:iron_ingot":2,"quark:glow_shroom":4,"tombstone:bag_of_seeds":6,"minecraft:glass_bottle":1,"minecraft:iron_sword":1,"minecraft:dark_oak_stairs":1,"minecraft:book":741,"minecraft:polished_andesite_stairs":1,"minecraft:dark_oak_slab":2,"born_in_chaos_v1:orbofthe_summoner":1,"born_in_chaos_v1:ethereal_spirit":1,"minecraft:dripstone_block":30,"minecraft:torchflower_seeds":8,"minecraft:gravel":2,"minecraft:birch_stairs":6,"minecraft:red_banner":1,"minecraft:blast_furnace":17,"minecraft:white_bed":7,"minecraft:spruce_door":1,"minecraft:spider_eye":9,"minecraft:diamond_shovel":1,"simplehats:hatbag_halloween":2,"minecraft:slime_ball":9,"minecraft:iron_helmet":2,"evilcraft:dark_gem":52,"minecraft:diamond_axe":2,"minecraft:painting":2,"minecraft:cherry_sapling":27,"minecraft:gray_wool":1,"born_in_chaos_v1:tombstone_dark_titan_066":1,"tombstone:magic_scroll":5,"minecraft:damaged_anvil":2,"minecraft:melon_seeds":8,"minecraft:coal":232},"minecraft:crafted":{"minecraft:black_dye":1,"minecraft:oak_planks":472,"minecraft:bookshelf":26,"minecraft:diamond_helmet":1,"minecraft:bow":4,"minecraft:chest":4,"minecraft:stone_hoe":1,"minecraft:smoker":2,"sophisticatedbackpacks:backpack":3,"minecraft:cooked_porkchop":58,"minecraft:diamond_axe":1,"minecraft:crafting_table":5,"minecraft:spruce_planks":12,"minecraft:baked_potato":2,"minecraft:wooden_pickaxe":1,"minecraft:birch_planks":24,"sophisticatedbackpacks:upgrade_base":1,"minecraft:iron_chestplate":1,"minecraft:shield":5,"minecraft:stick":28,"quark:oak_chest":1,"minecraft:iron_ingot":90,"minecraft:iron_pickaxe":1,"minecraft:iron_block":8,"minecraft:stone_sword":2,"minecraft:gold_ingot":17,"minecraft:cherry_planks":156,"minecraft:coal":27,"minecraft:stone_shovel":1,"sophisticatedbackpacks:stack_upgrade_tier_1":1,"minecraft:furnace":1,"quark:cherry_bookshelf":26,"born_in_chaos_v1:pieceofdarkmetal":27,"minecraft:leather":18,"minecraft:stone_pickaxe":2,"minecraft:wheat":216,"sophisticatedbackpacks:iron_backpack":1,"minecraft:cooked_beef":18,"minecraft:diamond_sword":2,"minecraft:enchanting_table":1,"minecraft:iron_sword":1,"sophisticatedbackpacks:gold_backpack":1,"minecraft:mangrove_planks":4,"minecraft:bucket":1,"minecraft:stone_axe":4,"minecraft:bread":72,"minecraft:air":0,"minecraft:golden_apple":8,"minecraft:acacia_planks":24,"minecraft:torch":76,"minecraft:lapis_lazuli":81,"minecraft:lapis_block":25,"minecraft:diamond_chestplate":1},"minecraft:dropped":{"minecraft:birch_planks":24,"minecraft:dark_oak_stairs":1,"quark:glow_shroom":4,"minecraft:lapis_lazuli":15,"minecraft:cooked_beef":6,"minecraft:glass_bottle":1,"minecraft:crafting_table":3,"minecraft:cooked_porkchop":3,"minecraft:pitcher_pod":2,"minecraft:dark_oak_slab":1,"minecraft:dirt":5,"tombstone:bag_of_seeds":1,"born_in_chaos_v1:monster_skin":14,"minecraft:crimson_roots":3,"simplehats:ghostmask":1,"minecraft:iron_pickaxe":1,"born_in_chaos_v1:fired_black_argillite":2,"minecraft:dark_oak_planks":12,"minecraft:birch_log":1,"minecraft:white_wool":1,"minecraft:birch_stairs":6,"minecraft:bone":16,"tombstone:lollipop":1,"minecraft:gravel":2,"simplehats:hatbag_rare":1,"minecraft:cobbled_deepslate":23,"minecraft:black_carpet":9,"minecraft:birch_sapling":2,"minecraft:pointed_dripstone":9,"born_in_chaos_v1:ethereal_spirit":1,"minecraft:cherry_sapling":27,"minecraft:rotten_flesh":79,"minecraft:oak_planks":32,"quark:glow_shroom_ring":1,"simplehats:hatbag_uncommon":5,"minecraft:charcoal":6,"minecraft:melon_seeds":4,"minecraft:beetroot_seeds":23,"born_in_chaos_v1:corpse_maggot":6,"minecraft:leather_boots":1,"born_in_chaos_v1:diamond_termite_shard":2,"minecraft:painting":1,"quark:smithing_template_rune":1,"minecraft:arrow":1,"minecraft:egg":1,"minecraft:enchanted_book":2,"minecraft:bread":26,"minecraft:wheat_seeds":30,"minecraft:golden_helmet":1,"minecraft:mangrove_trapdoor":2,"minecraft:dripstone_block":30,"minecraft:feather":17,"minecraft:cobblestone":67,"minecraft:book":192,"minecraft:granite":21,"minecraft:spruce_door":1,"minecraft:chainmail_helmet":1,"minecraft:coal":20,"minecraft:stick":5,"quark:glow_lichen_growth":1,"minecraft:gray_wool":1,"minecraft:diorite":7,"minecraft:potion":1,"minecraft:polished_andesite_stairs":1,"minecraft:string":4,"minecraft:trapped_chest":1,"minecraft:bucket":1,"minecraft:gray_carpet":3,"minecraft:acacia_planks":5,"simplehats:batwinghat":2,"minecraft:chiseled_sandstone":1,"minecraft:redstone":37,"minecraft:furnace":1,"simplehats:lilbow":1,"born_in_chaos_v1:black_argillite_brick_stairs":1,"minecraft:raw_copper":27,"minecraft:dark_oak_sign":3,"minecraft:cocoa_beans":5,"minecraft:tuff":1,"born_in_chaos_v1:rotten_fish":3,"minecraft:damaged_anvil":1,"minecraft:stripped_acacia_wood":3,"minecraft:torchflower_seeds":11,"minecraft:pumpkin_seeds":1,"minecraft:lily_of_the_valley":1,"minecraft:potato":1,"minecraft:shield":2,"minecraft:flower_pot":2,"simplehats:hatbag_common":7,"minecraft:peony":1,"minecraft:spruce_planks":6,"minecraft:bundle":1,"born_in_chaos_v1:spiny_shell":3,"minecraft:oak_sapling":40,"minecraft:spider_eye":2,"minecraft:sandstone":1,"minecraft:bow":1,"minecraft:stone_pickaxe":2,"minecraft:wooden_pickaxe":2,"minecraft:raw_gold":5,"minecraft:calcite":4,"minecraft:dark_prismarine":1},"minecraft:broken":{"minecraft:diamond_helmet":1,"minecraft:stone_axe":2,"minecraft:iron_sword":1,"minecraft:golden_chestplate":1,"minecraft:diamond_chestplate":1,"minecraft:stone_sword":1,"minecraft:shield":1,"minecraft:iron_helmet":1,"minecraft:netherite_boots":1},"minecraft:mined":{"minecraft:dark_oak_planks":33,"minecraft:cut_sandstone_slab":4,"minecraft:spruce_planks":42,"minecraft:white_bed":8,"minecraft:cobbled_deepslate_stairs":3,"minecraft:potted_crimson_fungus":1,"minecraft:brewing_stand":1,"minecraft:obsidian":4,"minecraft:granite":18,"quark:glow_shroom_stem":2,"minecraft:grass_block":12,"minecraft:coal_block":3,"minecraft:oak_wall_sign":1,"minecraft:spawner":18,"minecraft:dark_oak_trapdoor":1,"minecraft:iron_ore":39,"minecraft:fire":10,"minecraft:cobbled_deepslate":7,"born_in_chaos_v1:black_argillite_brick_stairs":7,"minecraft:black_carpet":10,"minecraft:deepslate_lapis_ore":27,"minecraft:brown_bed":5,"minecraft:dark_oak_stairs":1,"minecraft:oak_stairs":1,"minecraft:spruce_wood":3,"minecraft:iron_block":2,"minecraft:stripped_mangrove_wood":3,"minecraft:green_bed":1,"minecraft:deepslate_redstone_ore":8,"minecraft:smoker":2,"born_in_chaos_v1:infected_deepslate_diamond_ore":2,"minecraft:blast_furnace":17,"minecraft:calcite":22,"minecraft:polished_andesite_stairs":1,"minecraft:white_stained_glass_pane":2,"minecraft:cobblestone":9,"minecraft:damaged_anvil":1,"minecraft:oak_planks":44,"minecraft:sugar_cane":8,"minecraft:bricks":2,"minecraft:pink_petals":1,"minecraft:chain":3,"minecraft:dark_oak_slab":2,"born_in_chaos_v1:tombstone_dark_titan_066":1,"evilcraft:dark_ore_deepslate":5,"born_in_chaos_v1:fired_black_argillite":2,"minecraft:stone_brick_stairs":1,"minecraft:smooth_stone_slab":1,"minecraft:grass":19,"minecraft:oak_log":2,"minecraft:dirt":44,"minecraft:netherrack":7,"minecraft:oak_leaves":1,"minecraft:deepslate":55,"minecraft:dark_prismarine":15,"minecraft:tuff":2,"minecraft:deepslate_diamond_ore":1,"minecraft:crimson_roots":5,"minecraft:mangrove_trapdoor":2,"minecraft:hay_block":24,"minecraft:furnace":4,"minecraft:chiseled_sandstone":1,"minecraft:andesite":19,"treechop:chopped_log":23,"evilcraft:dark_ore":6,"minecraft:peony":1,"minecraft:bookshelf":183,"minecraft:deepslate_iron_ore":28,"minecraft:stone":220,"minecraft:birch_stairs":5,"minecraft:stone_brick_slab":1,"minecraft:spruce_door":1,"minecraft:red_banner":1,"minecraft:crafting_table":17,"minecraft:emerald_ore":4,"minecraft:rose_bush":1,"minecraft:copper_ore":5,"quark:glow_shroom_block":9,"minecraft:tall_grass":9,"born_in_chaos_v1:chipped_black_argillite_brick":1,"minecraft:deepslate_gold_ore":15,"minecraft:diorite":29,"minecraft:birch_planks":6,"minecraft:gray_wool":1,"minecraft:red_terracotta":2,"minecraft:white_wall_banner":1,"minecraft:yellow_bed":2,"minecraft:coal_ore":53,"minecraft:gravel":3,"minecraft:gray_carpet":5,"minecraft:cobweb":11,"minecraft:cracked_stone_bricks":1,"minecraft:acacia_planks":10,"minecraft:stripped_acacia_wood":8,"minecraft:stone_bricks":1},"minecraft:custom":{"minecraft:interact_with_crafting_table":68,"minecraft:open_barrel":43,"minecraft:eat_cake_slice":2,"minecraft:leave_game":4,"minecraft:time_since_death":8669,"minecraft:sprint_one_cm":797302,"minecraft:damage_blocked_by_shield":7050,"minecraft:drop":196,"tombstone:eaten_lollipop":2,"minecraft:play_noteblock":1,"minecraft:play_time":369427,"minecraft:deaths":16,"minecraft:jump":5484,"minecraft:interact_with_brewingstand":1,"minecraft:walk_on_water_one_cm":39420,"minecraft:enchant_item":1,"minecraft:interact_with_furnace":14,"minecraft:interact_with_loom":1,"minecraft:sleep_in_bed":15,"minecraft:waystone_activated":5,"minecraft:damage_dealt":77478,"minecraft:crouch_one_cm":36886,"tombstone:undead_killed":182,"minecraft:interact_with_smoker":18,"minecraft:horse_one_cm":673900,"minecraft:mob_kills":318,"minecraft:damage_dealt_resisted":6552,"minecraft:climb_one_cm":10432,"minecraft:walk_one_cm":794058,"minecraft:damage_dealt_absorbed":80,"minecraft:sneak_time":17252,"minecraft:walk_under_water_one_cm":33008,"minecraft:interact_with_blast_furnace":41,"minecraft:total_world_time":369427,"minecraft:tune_noteblock":1,"minecraft:time_since_rest":8348,"minecraft:damage_absorbed":360,"minecraft:damage_taken":19005,"minecraft:trigger_trapped_chest":1,"minecraft:swim_one_cm":89511,"minecraft:fly_one_cm":1237754,"minecraft:open_chest":124,"minecraft:fall_one_cm":169510},"minecraft:killed_by":{"minecraft:vex":4,"minecraft:husk":1,"born_in_chaos_v1:baby_skeleton_minion":2,"minecraft:stray":3,"minecraft:skeleton":1,"minecraft:phantom":3},"minecraft:killed":{"minecraft:cave_spider":25,"born_in_chaos_v1:restless_spirit":1,"born_in_chaos_v1:zombie_lumberjack":1,"minecraft:spider":6,"born_in_chaos_v1:baby_skeleton_minion":3,"minecraft:skeleton":36,"minecraft:chicken":4,"born_in_chaos_v1:supreme_bonescaller_stage_2":1,"born_in_chaos_v1:firelight_not_despawn":3,"minecraft:pig":25,"minecraft:zombie_villager":3,"born_in_chaos_v1:diamond_termite":3,"minecraft:creeper":3,"minecraft:sheep":5,"minecraft:zombie":34,"born_in_chaos_v1:dread_hound":6,"minecraft:stray":23,"born_in_chaos_v1:corpse_fly":3,"born_in_chaos_v1:door_knight":1,"minecraft:cow":6,"minecraft:vex":2,"born_in_chaos_v1:missioner":1,"born_in_chaos_v1:skeleton_thrasher_not_despawn":1,"minecraft:slime":7,"born_in_chaos_v1:thornshell_crab":3,"born_in_chaos_v1:zombie_bruiser":1,"born_in_chaos_v1:maggot":8,"minecraft:phantom":8,"minecraft:drowned":2,"born_in_chaos_v1:corpse_fish":4,"minecraft:husk":28,"born_in_chaos_v1:bone_imp_minion":19,"born_in_chaos_v1:baby_skeleton":3,"minecraft:hoglin":4,"born_in_chaos_v1:decrepit_skeleton":6,"born_in_chaos_v1:bloody_gadfly":1,"born_in_chaos_v1:bonescaller_not_despawn":2,"born_in_chaos_v1:nightmare_stalker":1,"minecraft:wither_skeleton":16}},"DataVersion":3465}