{"stats":{"minecraft:used":{"minecraft:diorite":15,"minecraft:stone_sword":131,"minecraft:stone_shovel":6,"minecraft:stone_pickaxe":99,"minecraft:oak_planks":1,"minecraft:wooden_pickaxe":11,"minecraft:sugar_cane":19,"minecraft:stone_hoe":24,"minecraft:dirt":57,"minecraft:crafting_table":6,"minecraft:white_bed":1,"minecraft:painting":1,"tombstone:bag_of_seeds":2,"minecraft:bread":11,"minecraft:stone_axe":25,"minecraft:oak_sapling":2,"minecraft:furnace":1,"minecraft:cooked_porkchop":6,"minecraft:egg":2},"minecraft:picked_up":{"minecraft:crafting_table":5,"minecraft:feather":7,"minecraft:chicken":4,"minecraft:leather":2,"minecraft:wooden_pickaxe":1,"minecraft:oak_log":22,"simplehats:ghostmask":2,"minecraft:gunpowder":2,"minecraft:string":1,"minecraft:dirt":118,"simplehats:hatbag_epic":1,"minecraft:bone":7,"minecraft:apple":1,"simplehats:dairyqueen":1,"minecraft:wheat_seeds":12,"minecraft:beef":12,"tombstone:bag_of_seeds":1,"minecraft:sugar_cane":19,"minecraft:egg":2,"minecraft:furnace":1,"simplehats:babyturtle":1,"minecraft:stick":12,"simplehats:hatbag_common":1,"minecraft:torchflower_seeds":2,"minecraft:porkchop":18,"simplehats:batwinghat":1,"simplehats:rgbsmallbowler":1,"minecraft:blast_furnace":2,"minecraft:diorite":22,"minecraft:white_bed":1,"minecraft:golden_chestplate":1,"minecraft:arrow":4,"minecraft:rotten_flesh":7,"simplehats:hatbag_halloween":2,"minecraft:beetroot_seeds":6,"minecraft:hay_block":24,"minecraft:painting":2,"born_in_chaos_v1:spiny_shell":4,"tombstone:magic_scroll":1,"born_in_chaos_v1:rotten_fish":1,"minecraft:oak_sapling":15,"minecraft:melon_seeds":8,"minecraft:mutton":1,"minecraft:coal":54,"minecraft:white_wool":1,"minecraft:cobblestone":38},"minecraft:crafted":{"minecraft:oak_planks":88,"minecraft:stone_shovel":1,"minecraft:cooked_porkchop":6,"minecraft:crafting_table":1,"minecraft:wooden_pickaxe":1,"minecraft:furnace":1,"minecraft:stone_axe":1,"minecraft:bread":72,"minecraft:air":0,"minecraft:stick":12,"minecraft:stone_pickaxe":1,"minecraft:stone_sword":1,"minecraft:stone_hoe":1,"minecraft:wheat":216},"minecraft:dropped":{"minecraft:wheat_seeds":12,"minecraft:torchflower_seeds":2,"simplehats:hatbag_common":1,"minecraft:diorite":1,"minecraft:beetroot_seeds":6,"minecraft:melon_seeds":4,"simplehats:ghostmask":1,"minecraft:oak_sapling":13,"minecraft:painting":1,"minecraft:arrow":1,"minecraft:wooden_pickaxe":2,"minecraft:white_wool":1},"minecraft:broken":{"minecraft:stone_sword":1},"minecraft:mined":{"minecraft:white_bed":1,"minecraft:stone_brick_slab":1,"minecraft:crafting_table":5,"minecraft:blast_furnace":2,"minecraft:grass_block":8,"minecraft:rose_bush":1,"minecraft:sugar_cane":8,"minecraft:diorite":22,"minecraft:spawner":1,"minecraft:hay_block":24,"minecraft:furnace":1,"treechop:chopped_log":2,"minecraft:grass":3,"minecraft:oak_log":2,"minecraft:coal_ore":43,"minecraft:dirt":39,"minecraft:stone":38},"minecraft:custom":{"minecraft:interact_with_furnace":3,"minecraft:mob_kills":36,"minecraft:interact_with_crafting_table":13,"minecraft:open_barrel":2,"minecraft:leave_game":3,"minecraft:time_since_death":52149,"minecraft:climb_one_cm":368,"minecraft:time_since_rest":52149,"minecraft:sprint_one_cm":107037,"minecraft:damage_taken":889,"minecraft:walk_one_cm":91430,"minecraft:drop":18,"minecraft:damage_dealt":5550,"minecraft:swim_one_cm":8582,"minecraft:fly_one_cm":216943,"minecraft:open_chest":4,"minecraft:crouch_one_cm":8580,"minecraft:play_time":52149,"tombstone:undead_killed":9,"minecraft:sneak_time":2817,"minecraft:walk_under_water_one_cm":2355,"minecraft:jump":800,"minecraft:interact_with_blast_furnace":1,"minecraft:walk_on_water_one_cm":1562,"minecraft:total_world_time":52149,"minecraft:fall_one_cm":24892},"minecraft:killed":{"minecraft:pig":9,"minecraft:spider":1,"born_in_chaos_v1:thornshell_crab":1,"born_in_chaos_v1:decrepit_skeleton":2,"minecraft:sheep":1,"minecraft:skeleton":8,"minecraft:zombie":5,"minecraft:chicken":4,"minecraft:cow":4}},"DataVersion":3465}