{"stats":{"minecraft:crafted":{"minecraft:oak_planks":88,"minecraft:cooked_porkchop":4,"minecraft:crafting_table":1,"minecraft:stick":12,"minecraft:wooden_pickaxe":1,"minecraft:stone_pickaxe":1,"minecraft:stone_sword":1,"minecraft:furnace":1,"minecraft:stone_axe":1,"minecraft:air":0},"minecraft:custom":{"minecraft:time_since_rest":15315,"minecraft:interact_with_furnace":2,"minecraft:sprint_one_cm":22001,"minecraft:damage_taken":50,"minecraft:walk_one_cm":20153,"minecraft:mob_kills":8,"minecraft:drop":3,"minecraft:damage_dealt":1360,"minecraft:swim_one_cm":727,"minecraft:interact_with_crafting_table":7,"minecraft:fly_one_cm":44498,"minecraft:open_chest":3,"minecraft:crouch_one_cm":5856,"minecraft:play_time":15315,"minecraft:sneak_time":1777,"minecraft:walk_under_water_one_cm":88,"minecraft:jump":199,"minecraft:leave_game":2,"minecraft:time_since_death":15315,"minecraft:walk_on_water_one_cm":179,"minecraft:total_world_time":15315,"minecraft:fall_one_cm":5558},"minecraft:used":{"minecraft:stone_sword":30,"minecraft:stone_pickaxe":36,"minecraft:oak_planks":1,"minecraft:wooden_pickaxe":11,"minecraft:stone_axe":14,"minecraft:dirt":18,"minecraft:crafting_table":2,"minecraft:furnace":1,"minecraft:oak_sapling":2,"minecraft:cooked_porkchop":2},"minecraft:dropped":{"simplehats:ghostmask":1,"minecraft:oak_sapling":13,"minecraft:wooden_pickaxe":1},"minecraft:mined":{"treechop:chopped_log":2,"minecraft:crafting_table":1,"minecraft:grass":3,"minecraft:coal_ore":12,"minecraft:grass_block":8,"minecraft:oak_log":2,"minecraft:dirt":19,"minecraft:stone":34},"minecraft:killed":{"minecraft:zombie":3,"minecraft:pig":3,"minecraft:spider":1,"born_in_chaos_v1:decrepit_skeleton":1},"minecraft:picked_up":{"simplehats:babyturtle":1,"minecraft:stick":12,"minecraft:crafting_table":1,"minecraft:wooden_pickaxe":1,"minecraft:porkchop":6,"simplehats:batwinghat":1,"minecraft:oak_log":22,"simplehats:rgbsmallbowler":1,"simplehats:ghostmask":2,"minecraft:string":1,"minecraft:dirt":27,"simplehats:hatbag_epic":1,"minecraft:bone":1,"minecraft:rotten_flesh":4,"simplehats:hatbag_halloween":2,"minecraft:apple":1,"simplehats:dairyqueen":1,"minecraft:wheat_seeds":1,"minecraft:oak_sapling":15,"minecraft:coal":12,"minecraft:cobblestone":34}},"DataVersion":3465}