{"stats":{"minecraft:used":{"minecraft:stone_sword":103,"minecraft:stone_shovel":6,"minecraft:stone_pickaxe":68,"minecraft:oak_planks":1,"minecraft:wooden_pickaxe":11,"minecraft:sugar_cane":19,"minecraft:stone_hoe":24,"minecraft:dirt":52,"minecraft:crafting_table":6,"minecraft:white_bed":1,"minecraft:painting":1,"tombstone:bag_of_seeds":2,"minecraft:bread":8,"minecraft:stone_axe":19,"minecraft:oak_sapling":2,"minecraft:furnace":1,"minecraft:cooked_porkchop":6,"minecraft:egg":2},"minecraft:picked_up":{"minecraft:crafting_table":5,"minecraft:feather":7,"minecraft:chicken":4,"minecraft:leather":2,"minecraft:wooden_pickaxe":1,"minecraft:oak_log":22,"simplehats:ghostmask":2,"minecraft:gunpowder":2,"minecraft:string":1,"minecraft:dirt":114,"simplehats:hatbag_epic":1,"minecraft:bone":4,"minecraft:apple":1,"simplehats:dairyqueen":1,"minecraft:wheat_seeds":8,"minecraft:beef":12,"tombstone:bag_of_seeds":1,"minecraft:sugar_cane":19,"minecraft:egg":2,"minecraft:furnace":1,"simplehats:babyturtle":1,"minecraft:stick":12,"simplehats:hatbag_common":1,"minecraft:torchflower_seeds":1,"minecraft:porkchop":18,"simplehats:batwinghat":1,"simplehats:rgbsmallbowler":1,"minecraft:diorite":1,"minecraft:white_bed":1,"minecraft:golden_chestplate":1,"minecraft:arrow":1,"minecraft:rotten_flesh":7,"simplehats:hatbag_halloween":2,"minecraft:beetroot_seeds":3,"minecraft:hay_block":24,"minecraft:painting":2,"born_in_chaos_v1:spiny_shell":4,"born_in_chaos_v1:rotten_fish":1,"minecraft:oak_sapling":15,"minecraft:melon_seeds":4,"minecraft:mutton":1,"minecraft:coal":47,"minecraft:white_wool":1,"minecraft:cobblestone":38},"minecraft:crafted":{"minecraft:oak_planks":88,"minecraft:stone_shovel":1,"minecraft:cooked_porkchop":6,"minecraft:crafting_table":1,"minecraft:wooden_pickaxe":1,"minecraft:furnace":1,"minecraft:stone_axe":1,"minecraft:bread":72,"minecraft:air":0,"minecraft:stick":12,"minecraft:stone_pickaxe":1,"minecraft:stone_sword":1,"minecraft:stone_hoe":1,"minecraft:wheat":216},"minecraft:dropped":{"minecraft:wheat_seeds":8,"minecraft:torchflower_seeds":1,"simplehats:hatbag_common":1,"minecraft:diorite":1,"minecraft:melon_seeds":4,"simplehats:ghostmask":1,"minecraft:oak_sapling":13,"minecraft:arrow":1,"minecraft:wooden_pickaxe":1},"minecraft:mined":{"minecraft:white_bed":1,"minecraft:stone_brick_slab":1,"minecraft:crafting_table":5,"minecraft:grass_block":8,"minecraft:sugar_cane":8,"minecraft:diorite":1,"minecraft:hay_block":24,"minecraft:furnace":1,"treechop:chopped_log":2,"minecraft:grass":3,"minecraft:oak_log":2,"minecraft:coal_ore":36,"minecraft:dirt":35,"minecraft:stone":38},"minecraft:custom":{"minecraft:interact_with_furnace":3,"minecraft:mob_kills":31,"minecraft:interact_with_crafting_table":13,"minecraft:leave_game":3,"minecraft:time_since_death":40149,"minecraft:climb_one_cm":368,"minecraft:time_since_rest":40149,"minecraft:sprint_one_cm":101668,"minecraft:damage_taken":740,"minecraft:walk_one_cm":64586,"minecraft:drop":10,"minecraft:damage_dealt":4324,"minecraft:swim_one_cm":8582,"minecraft:fly_one_cm":215845,"minecraft:open_chest":4,"minecraft:crouch_one_cm":8374,"minecraft:play_time":40149,"tombstone:undead_killed":4,"minecraft:sneak_time":2656,"minecraft:walk_under_water_one_cm":2355,"minecraft:jump":783,"minecraft:walk_on_water_one_cm":1562,"minecraft:total_world_time":40149,"minecraft:fall_one_cm":24892},"minecraft:killed":{"minecraft:pig":9,"minecraft:spider":1,"born_in_chaos_v1:thornshell_crab":1,"born_in_chaos_v1:decrepit_skeleton":2,"minecraft:sheep":1,"minecraft:skeleton":3,"minecraft:zombie":5,"minecraft:chicken":4,"minecraft:cow":4}},"DataVersion":3465}