{"stats":{"minecraft:used":{"minecraft:stripped_acacia_wood":1,"minecraft:stone_sword":248,"minecraft:stone_shovel":8,"minecraft:shield":30,"minecraft:spruce_planks":22,"minecraft:chest":3,"minecraft:iron_sword":176,"tombstone:lollipop":2,"minecraft:stone_hoe":24,"minecraft:netherrack":5,"minecraft:torch":4,"minecraft:dirt":135,"minecraft:dark_oak_planks":9,"minecraft:dark_oak_slab":1,"minecraft:stone_brick_stairs":1,"minecraft:stone_bricks":1,"minecraft:bow":1,"minecraft:furnace":2,"minecraft:oak_sapling":2,"minecraft:netherite_pickaxe":19,"tombstone:gift":7,"minecraft:egg":2,"minecraft:cooked_beef":6,"minecraft:acacia_planks":18,"minecraft:brown_bed":5,"minecraft:water_bucket":7,"minecraft:diorite":17,"minecraft:birch_planks":1,"minecraft:stone_pickaxe":128,"minecraft:oak_planks":23,"minecraft:wooden_pickaxe":11,"minecraft:diamond_axe":59,"minecraft:sugar_cane":19,"minecraft:golden_apple":4,"minecraft:crafting_table":15,"minecraft:blast_furnace":1,"minecraft:white_bed":3,"minecraft:painting":1,"minecraft:cake":1,"tombstone:bag_of_seeds":6,"waystones:waystone":1,"minecraft:dark_prismarine":3,"minecraft:bread":66,"minecraft:string":1,"minecraft:iron_pickaxe":83,"minecraft:red_terracotta":2,"minecraft:stone_axe":312,"minecraft:diamond_sword":508,"minecraft:cobblestone":48,"minecraft:cooked_porkchop":18,"minecraft:bucket":8},"minecraft:picked_up":{"minecraft:cocoa_beans":10,"minecraft:crafting_table":14,"minecraft:black_carpet":9,"minecraft:chicken":4,"simplehats:hatbag_rare":2,"minecraft:wooden_pickaxe":1,"minecraft:oak_stairs":1,"minecraft:brown_bed":5,"minecraft:enchanted_book":1,"minecraft:stone_brick_stairs":1,"simplehats:ghostmask":2,"minecraft:string":3,"minecraft:dark_oak_trapdoor":1,"minecraft:oak_sign":2,"simplehats:dairyqueen":1,"minecraft:sea_pickle":3,"minecraft:diamond_leggings":1,"minecraft:spruce_planks":25,"minecraft:beef":12,"minecraft:calcite":12,"minecraft:sugar_cane":19,"minecraft:phantom_membrane":3,"simplehats:digger":1,"minecraft:mangrove_log":1,"minecraft:furnace":3,"minecraft:egg":3,"minecraft:raw_iron":2,"minecraft:stick":12,"minecraft:stripped_mangrove_wood":3,"simplehats:hatbag_common":7,"minecraft:porkchop":30,"simplehats:batwinghat":1,"simplehats:ushanka":1,"born_in_chaos_v1:nightmare_claw":1,"tombstone:grave_dust":16,"minecraft:diorite":24,"minecraft:golden_chestplate":1,"tombstone:lollipop":2,"minecraft:dark_oak_planks":37,"minecraft:arrow":17,"minecraft:rotten_flesh":22,"minecraft:beetroot_seeds":16,"minecraft:peony":1,"minecraft:hay_block":24,"tombstone:essence_of_undeath":1,"born_in_chaos_v1:spiny_shell":7,"minecraft:obsidian":4,"minecraft:mutton":1,"minecraft:cobblestone":86,"minecraft:white_wool":1,"born_in_chaos_v1:corpse_maggot":5,"minecraft:netherite_boots":1,"minecraft:feather":7,"born_in_chaos_v1:monster_flesh":1,"minecraft:leather":5,"minecraft:birch_planks":6,"minecraft:oak_log":22,"minecraft:gunpowder":3,"minecraft:wither_skeleton_skull":2,"minecraft:dirt":140,"minecraft:lantern":1,"tombstone:gift":1,"simplehats:hatbag_epic":1,"born_in_chaos_v1:monster_skin":8,"minecraft:bone":55,"minecraft:stone_bricks":1,"minecraft:acacia_planks":8,"minecraft:apple":1,"minecraft:gray_carpet":3,"minecraft:bow":1,"minecraft:wheat_seeds":13,"minecraft:spruce_wood":3,"minecraft:iron_ingot":1,"minecraft:dark_oak_sign":3,"tombstone:bag_of_seeds":3,"simplehats:hatbag_uncommon":5,"minecraft:pitcher_pod":2,"minecraft:iron_sword":1,"minecraft:oak_planks":3,"minecraft:dark_oak_stairs":1,"minecraft:book":252,"simplehats:babyturtle":1,"minecraft:dark_oak_slab":2,"minecraft:stripped_acacia_wood":10,"minecraft:torchflower_seeds":8,"minecraft:birch_stairs":6,"simplehats:rgbsmallbowler":1,"minecraft:red_banner":1,"minecraft:blast_furnace":13,"minecraft:white_bed":3,"minecraft:lily_of_the_valley":1,"minecraft:spider_eye":1,"minecraft:red_terracotta":2,"minecraft:spruce_door":1,"minecraft:dark_prismarine":11,"simplehats:hatbag_halloween":2,"minecraft:slime_ball":9,"waystones:waystone":2,"minecraft:painting":2,"minecraft:gray_wool":1,"minecraft:netherrack":6,"minecraft:oak_sapling":15,"tombstone:magic_scroll":3,"born_in_chaos_v1:rotten_fish":5,"minecraft:damaged_anvil":1,"minecraft:melon_seeds":8,"minecraft:coal":147},"minecraft:crafted":{"minecraft:black_dye":1,"minecraft:oak_planks":88,"minecraft:stone_shovel":1,"minecraft:furnace":1,"minecraft:diamond_helmet":1,"minecraft:leather":2,"minecraft:stone_pickaxe":2,"minecraft:chest":4,"minecraft:stone_hoe":1,"minecraft:wheat":216,"minecraft:cooked_beef":12,"minecraft:diamond_sword":1,"sophisticatedbackpacks:backpack":2,"minecraft:cooked_porkchop":30,"minecraft:diamond_axe":1,"minecraft:crafting_table":4,"minecraft:enchanting_table":1,"minecraft:spruce_planks":12,"minecraft:wooden_pickaxe":1,"minecraft:iron_sword":1,"minecraft:mangrove_planks":4,"minecraft:bucket":1,"minecraft:stone_axe":4,"minecraft:bread":72,"minecraft:air":0,"minecraft:shield":2,"minecraft:stick":24,"minecraft:iron_ingot":7,"minecraft:iron_pickaxe":1,"minecraft:stone_sword":2,"minecraft:acacia_planks":24,"minecraft:torch":20,"minecraft:diamond_chestplate":1},"minecraft:dropped":{"minecraft:bread":24,"minecraft:dark_oak_stairs":1,"minecraft:wheat_seeds":13,"minecraft:cooked_beef":6,"minecraft:pitcher_pod":2,"minecraft:dark_oak_slab":1,"minecraft:feather":7,"minecraft:cobblestone":5,"minecraft:spruce_door":1,"minecraft:stick":1,"minecraft:dirt":5,"minecraft:gray_wool":1,"minecraft:diorite":7,"simplehats:ghostmask":1,"minecraft:string":4,"minecraft:acacia_planks":5,"minecraft:dark_oak_planks":12,"minecraft:white_wool":1,"minecraft:birch_stairs":6,"minecraft:gray_carpet":3,"minecraft:bone":1,"simplehats:hatbag_rare":1,"minecraft:dark_oak_sign":3,"minecraft:cocoa_beans":5,"minecraft:black_carpet":9,"born_in_chaos_v1:rotten_fish":2,"minecraft:rotten_flesh":20,"minecraft:pumpkin_seeds":1,"minecraft:stripped_acacia_wood":3,"minecraft:lily_of_the_valley":1,"minecraft:torchflower_seeds":8,"simplehats:hatbag_common":5,"minecraft:peony":1,"simplehats:hatbag_uncommon":3,"born_in_chaos_v1:corpse_maggot":2,"minecraft:beetroot_seeds":21,"minecraft:melon_seeds":4,"minecraft:oak_sapling":13,"minecraft:spider_eye":1,"minecraft:painting":1,"minecraft:arrow":1,"minecraft:stone_pickaxe":2,"minecraft:wooden_pickaxe":2,"minecraft:calcite":2,"minecraft:dark_prismarine":1,"minecraft:egg":1},"minecraft:broken":{"minecraft:stone_sword":1,"minecraft:stone_axe":2,"minecraft:iron_sword":1,"minecraft:golden_chestplate":1},"minecraft:mined":{"minecraft:dark_oak_planks":33,"minecraft:dark_prismarine":15,"minecraft:cut_sandstone_slab":4,"minecraft:spruce_planks":26,"minecraft:white_bed":4,"minecraft:obsidian":4,"minecraft:grass_block":11,"minecraft:oak_wall_sign":1,"minecraft:spawner":8,"minecraft:hay_block":24,"minecraft:furnace":3,"minecraft:dark_oak_trapdoor":1,"minecraft:iron_ore":2,"minecraft:fire":3,"minecraft:chiseled_sandstone":1,"minecraft:black_carpet":10,"treechop:chopped_log":2,"minecraft:peony":1,"minecraft:brown_bed":4,"minecraft:dark_oak_stairs":1,"minecraft:bookshelf":84,"minecraft:oak_stairs":1,"minecraft:spruce_wood":3,"minecraft:stone":79,"minecraft:stripped_mangrove_wood":3,"minecraft:green_bed":1,"minecraft:birch_stairs":5,"minecraft:stone_brick_slab":1,"minecraft:red_banner":1,"minecraft:spruce_door":1,"minecraft:crafting_table":14,"minecraft:blast_furnace":13,"minecraft:calcite":13,"minecraft:white_stained_glass_pane":2,"minecraft:rose_bush":1,"minecraft:bricks":2,"minecraft:cobblestone":8,"minecraft:damaged_anvil":1,"minecraft:sugar_cane":8,"minecraft:oak_planks":4,"minecraft:diorite":24,"minecraft:gray_wool":1,"minecraft:birch_planks":6,"minecraft:red_terracotta":2,"minecraft:dark_oak_slab":2,"minecraft:stone_brick_stairs":1,"minecraft:smooth_stone_slab":1,"minecraft:grass":3,"minecraft:coal_ore":45,"minecraft:oak_log":2,"minecraft:dirt":44,"minecraft:gray_carpet":5,"minecraft:cracked_stone_bricks":1,"minecraft:acacia_planks":8,"minecraft:stripped_acacia_wood":8,"minecraft:stone_bricks":1,"minecraft:netherrack":7},"minecraft:custom":{"minecraft:mob_kills":128,"minecraft:interact_with_crafting_table":38,"minecraft:open_barrel":9,"minecraft:damage_dealt_resisted":992,"minecraft:eat_cake_slice":2,"minecraft:time_since_death":65766,"minecraft:leave_game":3,"minecraft:climb_one_cm":5588,"minecraft:sprint_one_cm":351256,"minecraft:walk_one_cm":364193,"minecraft:damage_blocked_by_shield":2415,"minecraft:drop":74,"tombstone:eaten_lollipop":2,"minecraft:play_noteblock":1,"minecraft:play_time":184149,"minecraft:deaths":6,"minecraft:sneak_time":9976,"minecraft:walk_under_water_one_cm":16193,"minecraft:jump":2575,"minecraft:interact_with_blast_furnace":4,"minecraft:walk_on_water_one_cm":18433,"minecraft:total_world_time":184149,"minecraft:interact_with_furnace":14,"minecraft:tune_noteblock":1,"minecraft:interact_with_loom":1,"minecraft:sleep_in_bed":7,"minecraft:waystone_activated":2,"minecraft:time_since_rest":7856,"minecraft:damage_taken":7779,"minecraft:damage_absorbed":160,"minecraft:damage_dealt":35324,"minecraft:swim_one_cm":50350,"minecraft:fly_one_cm":604570,"minecraft:open_chest":96,"minecraft:crouch_one_cm":21411,"tombstone:undead_killed":70,"minecraft:fall_one_cm":76700,"minecraft:horse_one_cm":673900},"minecraft:killed":{"born_in_chaos_v1:zombie_lumberjack":1,"minecraft:spider":3,"minecraft:slime":7,"born_in_chaos_v1:thornshell_crab":2,"minecraft:phantom":7,"born_in_chaos_v1:maggot":1,"minecraft:skeleton":25,"minecraft:chicken":4,"minecraft:drowned":2,"born_in_chaos_v1:corpse_fish":4,"minecraft:husk":12,"minecraft:pig":9,"born_in_chaos_v1:baby_skeleton":2,"minecraft:hoglin":4,"minecraft:creeper":1,"born_in_chaos_v1:decrepit_skeleton":2,"minecraft:sheep":1,"born_in_chaos_v1:bloody_gadfly":1,"minecraft:zombie":9,"born_in_chaos_v1:dread_hound":4,"born_in_chaos_v1:corpse_fly":2,"born_in_chaos_v1:nightmare_stalker":1,"minecraft:wither_skeleton":16,"minecraft:cow":4},"minecraft:killed_by":{"minecraft:husk":1,"minecraft:skeleton":1,"minecraft:phantom":3}},"DataVersion":3465}