{"stats":{"minecraft:used":{"minecraft:stone_sword":248,"minecraft:stone_shovel":8,"minecraft:chest":1,"minecraft:iron_sword":109,"minecraft:stone_hoe":24,"minecraft:torch":1,"minecraft:dirt":119,"minecraft:dark_oak_slab":1,"minecraft:furnace":2,"minecraft:oak_sapling":2,"tombstone:gift":2,"minecraft:egg":2,"minecraft:diorite":17,"minecraft:stone_pickaxe":128,"minecraft:oak_planks":14,"minecraft:wooden_pickaxe":11,"minecraft:sugar_cane":19,"minecraft:crafting_table":8,"minecraft:white_bed":1,"minecraft:painting":1,"tombstone:bag_of_seeds":2,"minecraft:bread":24,"minecraft:iron_pickaxe":1,"minecraft:stone_axe":173,"minecraft:cobblestone":11,"minecraft:cooked_porkchop":9},"minecraft:picked_up":{"minecraft:crafting_table":7,"minecraft:black_carpet":9,"minecraft:chicken":4,"simplehats:hatbag_rare":1,"minecraft:wooden_pickaxe":1,"minecraft:brown_bed":1,"minecraft:enchanted_book":1,"simplehats:ghostmask":2,"minecraft:string":3,"minecraft:dark_oak_trapdoor":1,"simplehats:dairyqueen":1,"minecraft:sea_pickle":3,"minecraft:spruce_planks":6,"minecraft:beef":12,"minecraft:calcite":12,"minecraft:sugar_cane":19,"simplehats:digger":1,"minecraft:furnace":2,"minecraft:egg":2,"minecraft:stick":12,"minecraft:stripped_mangrove_wood":3,"simplehats:hatbag_common":2,"minecraft:porkchop":18,"simplehats:batwinghat":1,"simplehats:ushanka":1,"tombstone:grave_dust":3,"minecraft:diorite":24,"minecraft:golden_chestplate":1,"tombstone:lollipop":1,"minecraft:dark_oak_planks":20,"minecraft:arrow":13,"minecraft:rotten_flesh":16,"minecraft:beetroot_seeds":6,"minecraft:hay_block":24,"born_in_chaos_v1:spiny_shell":4,"minecraft:mutton":1,"minecraft:cobblestone":38,"minecraft:white_wool":1,"born_in_chaos_v1:corpse_maggot":2,"minecraft:feather":7,"minecraft:leather":2,"minecraft:oak_log":22,"minecraft:gunpowder":3,"minecraft:dirt":122,"tombstone:gift":1,"simplehats:hatbag_epic":1,"born_in_chaos_v1:monster_skin":2,"minecraft:bone":13,"minecraft:apple":1,"minecraft:gray_carpet":3,"minecraft:wheat_seeds":12,"minecraft:dark_oak_sign":3,"tombstone:bag_of_seeds":1,"simplehats:hatbag_uncommon":1,"minecraft:oak_planks":3,"minecraft:dark_oak_stairs":1,"minecraft:book":171,"simplehats:babyturtle":1,"minecraft:dark_oak_slab":2,"minecraft:torchflower_seeds":2,"simplehats:rgbsmallbowler":1,"minecraft:red_banner":1,"minecraft:blast_furnace":12,"minecraft:white_bed":1,"simplehats:hatbag_halloween":2,"minecraft:painting":2,"minecraft:oak_sapling":15,"tombstone:magic_scroll":1,"born_in_chaos_v1:rotten_fish":1,"minecraft:damaged_anvil":1,"minecraft:melon_seeds":8,"minecraft:coal":92},"minecraft:crafted":{"minecraft:oak_planks":88,"minecraft:stone_shovel":1,"minecraft:furnace":1,"minecraft:stone_pickaxe":2,"minecraft:chest":1,"minecraft:stone_hoe":1,"minecraft:wheat":216,"minecraft:cooked_beef":12,"minecraft:cooked_porkchop":18,"minecraft:crafting_table":3,"minecraft:wooden_pickaxe":1,"minecraft:iron_sword":1,"minecraft:stone_axe":2,"minecraft:bread":72,"minecraft:air":0,"minecraft:stick":12,"minecraft:iron_pickaxe":1,"minecraft:stone_sword":2,"minecraft:torch":20},"minecraft:dropped":{"minecraft:dark_oak_stairs":1,"minecraft:wheat_seeds":12,"minecraft:dark_oak_slab":1,"minecraft:feather":7,"minecraft:dirt":3,"minecraft:diorite":7,"simplehats:ghostmask":1,"minecraft:dark_oak_planks":12,"minecraft:white_wool":1,"minecraft:gray_carpet":3,"minecraft:bone":1,"minecraft:dark_oak_sign":3,"minecraft:black_carpet":9,"born_in_chaos_v1:rotten_fish":1,"minecraft:rotten_flesh":20,"minecraft:torchflower_seeds":2,"simplehats:hatbag_common":1,"simplehats:hatbag_uncommon":1,"born_in_chaos_v1:corpse_maggot":1,"minecraft:beetroot_seeds":6,"minecraft:melon_seeds":4,"minecraft:oak_sapling":13,"minecraft:painting":1,"minecraft:arrow":1,"minecraft:stone_pickaxe":2,"minecraft:wooden_pickaxe":2,"minecraft:calcite":2},"minecraft:broken":{"minecraft:stone_sword":1,"minecraft:stone_axe":1},"minecraft:mined":{"minecraft:dark_oak_planks":16,"minecraft:spruce_planks":6,"minecraft:white_bed":1,"minecraft:grass_block":8,"minecraft:spawner":4,"minecraft:hay_block":24,"minecraft:furnace":2,"minecraft:dark_oak_trapdoor":1,"minecraft:black_carpet":10,"treechop:chopped_log":2,"minecraft:brown_bed":1,"minecraft:dark_oak_stairs":1,"minecraft:bookshelf":57,"minecraft:stone":38,"minecraft:stripped_mangrove_wood":3,"minecraft:stone_brick_slab":1,"minecraft:red_banner":1,"minecraft:crafting_table":7,"minecraft:blast_furnace":12,"minecraft:calcite":13,"minecraft:rose_bush":1,"minecraft:damaged_anvil":1,"minecraft:sugar_cane":8,"minecraft:oak_planks":3,"minecraft:diorite":24,"minecraft:dark_oak_slab":2,"minecraft:grass":3,"minecraft:coal_ore":43,"minecraft:oak_log":2,"minecraft:dirt":43,"minecraft:gray_carpet":5},"minecraft:custom":{"minecraft:mob_kills":65,"minecraft:interact_with_crafting_table":17,"minecraft:open_barrel":9,"minecraft:time_since_death":14857,"minecraft:leave_game":3,"minecraft:climb_one_cm":4469,"minecraft:sprint_one_cm":156711,"minecraft:walk_one_cm":191831,"minecraft:drop":40,"minecraft:play_noteblock":1,"minecraft:play_time":88149,"minecraft:deaths":2,"minecraft:sneak_time":5774,"minecraft:walk_under_water_one_cm":3773,"minecraft:jump":1026,"minecraft:interact_with_blast_furnace":1,"minecraft:walk_on_water_one_cm":6155,"minecraft:total_world_time":88149,"minecraft:interact_with_furnace":9,"minecraft:tune_noteblock":1,"minecraft:interact_with_loom":1,"minecraft:waystone_activated":1,"minecraft:time_since_rest":13967,"minecraft:damage_taken":2431,"minecraft:damage_dealt":13716,"minecraft:swim_one_cm":8582,"minecraft:fly_one_cm":249133,"minecraft:open_chest":22,"minecraft:crouch_one_cm":14230,"tombstone:undead_killed":32,"minecraft:fall_one_cm":29104,"minecraft:horse_one_cm":242774},"minecraft:killed":{"minecraft:spider":2,"born_in_chaos_v1:thornshell_crab":1,"born_in_chaos_v1:maggot":1,"minecraft:skeleton":18,"minecraft:chicken":4,"born_in_chaos_v1:corpse_fish":1,"minecraft:husk":12,"minecraft:pig":9,"born_in_chaos_v1:baby_skeleton":1,"minecraft:creeper":1,"born_in_chaos_v1:decrepit_skeleton":2,"minecraft:sheep":1,"minecraft:zombie":5,"born_in_chaos_v1:dread_hound":2,"minecraft:cow":4},"minecraft:killed_by":{"minecraft:husk":1,"minecraft:skeleton":1}},"DataVersion":3465}