{"stats":{"minecraft:used":{"minecraft:stone_sword":75,"minecraft:stone_pickaxe":49,"minecraft:oak_planks":1,"minecraft:wooden_pickaxe":11,"minecraft:stone_axe":15,"minecraft:dirt":18,"minecraft:crafting_table":2,"minecraft:furnace":1,"minecraft:oak_sapling":2,"minecraft:cooked_porkchop":5},"minecraft:picked_up":{"simplehats:babyturtle":1,"minecraft:stick":12,"minecraft:crafting_table":2,"minecraft:feather":7,"minecraft:chicken":4,"simplehats:hatbag_common":1,"minecraft:leather":2,"minecraft:wooden_pickaxe":1,"minecraft:porkchop":18,"simplehats:batwinghat":1,"minecraft:oak_log":22,"simplehats:rgbsmallbowler":1,"simplehats:ghostmask":2,"minecraft:gunpowder":2,"minecraft:dirt":99,"minecraft:golden_chestplate":1,"minecraft:string":1,"simplehats:hatbag_epic":1,"minecraft:bone":3,"simplehats:hatbag_halloween":2,"minecraft:rotten_flesh":7,"minecraft:apple":1,"simplehats:dairyqueen":1,"minecraft:wheat_seeds":6,"minecraft:beef":12,"minecraft:oak_sapling":15,"minecraft:sugar_cane":3,"minecraft:coal":35,"minecraft:furnace":1,"minecraft:cobblestone":34,"minecraft:egg":2},"minecraft:crafted":{"minecraft:oak_planks":88,"minecraft:cooked_porkchop":6,"minecraft:crafting_table":1,"minecraft:stick":12,"minecraft:wooden_pickaxe":1,"minecraft:stone_pickaxe":1,"minecraft:stone_sword":1,"minecraft:furnace":1,"minecraft:stone_axe":1,"minecraft:air":0},"minecraft:dropped":{"minecraft:oak_sapling":13,"simplehats:ghostmask":1,"minecraft:wooden_pickaxe":1},"minecraft:mined":{"minecraft:furnace":1,"treechop:chopped_log":2,"minecraft:crafting_table":2,"minecraft:grass":3,"minecraft:grass_block":8,"minecraft:coal_ore":24,"minecraft:oak_log":2,"minecraft:dirt":19,"minecraft:stone":34,"minecraft:sugar_cane":1},"minecraft:custom":{"minecraft:time_since_rest":28149,"minecraft:interact_with_furnace":3,"minecraft:sprint_one_cm":66329,"minecraft:damage_taken":300,"minecraft:walk_one_cm":32904,"minecraft:mob_kills":26,"minecraft:drop":3,"minecraft:damage_dealt":3394,"minecraft:swim_one_cm":8375,"minecraft:interact_with_crafting_table":7,"minecraft:fly_one_cm":148856,"tombstone:undead_killed":1,"minecraft:open_chest":3,"minecraft:play_time":28149,"minecraft:crouch_one_cm":6835,"minecraft:sneak_time":2116,"minecraft:walk_under_water_one_cm":2355,"minecraft:jump":566,"minecraft:leave_game":3,"minecraft:time_since_death":28149,"minecraft:walk_on_water_one_cm":1562,"minecraft:total_world_time":28149,"minecraft:fall_one_cm":17703},"minecraft:killed":{"minecraft:zombie":5,"minecraft:pig":9,"minecraft:chicken":4,"minecraft:spider":1,"minecraft:cow":4,"born_in_chaos_v1:decrepit_skeleton":2}},"DataVersion":3465}