{"stats":{"minecraft:crafted":{"minecraft:oak_planks":88,"minecraft:cooked_porkchop":6,"minecraft:crafting_table":1,"minecraft:stick":12,"minecraft:wooden_pickaxe":1,"minecraft:stone_pickaxe":1,"minecraft:stone_sword":1,"minecraft:furnace":1,"minecraft:stone_axe":1,"minecraft:air":0},"minecraft:custom":{"minecraft:time_since_rest":23994,"minecraft:interact_with_furnace":3,"minecraft:sprint_one_cm":44973,"minecraft:damage_taken":140,"minecraft:walk_one_cm":27694,"minecraft:mob_kills":19,"minecraft:drop":3,"minecraft:damage_dealt":2420,"minecraft:swim_one_cm":6808,"minecraft:interact_with_crafting_table":7,"minecraft:fly_one_cm":91915,"minecraft:open_chest":3,"minecraft:crouch_one_cm":6835,"minecraft:play_time":23994,"minecraft:sneak_time":2116,"minecraft:walk_under_water_one_cm":2168,"minecraft:jump":374,"minecraft:leave_game":3,"minecraft:time_since_death":23994,"minecraft:walk_on_water_one_cm":1482,"minecraft:total_world_time":23994,"minecraft:fall_one_cm":11284},"minecraft:used":{"minecraft:stone_sword":55,"minecraft:stone_pickaxe":49,"minecraft:oak_planks":1,"minecraft:wooden_pickaxe":11,"minecraft:stone_axe":15,"minecraft:dirt":18,"minecraft:crafting_table":2,"minecraft:furnace":1,"minecraft:oak_sapling":2,"minecraft:cooked_porkchop":3},"minecraft:dropped":{"simplehats:ghostmask":1,"minecraft:oak_sapling":13,"minecraft:wooden_pickaxe":1},"minecraft:mined":{"minecraft:furnace":1,"treechop:chopped_log":2,"minecraft:crafting_table":2,"minecraft:grass":3,"minecraft:coal_ore":24,"minecraft:grass_block":8,"minecraft:oak_log":2,"minecraft:dirt":19,"minecraft:stone":34,"minecraft:sugar_cane":1},"minecraft:killed":{"minecraft:zombie":4,"minecraft:pig":7,"minecraft:chicken":4,"minecraft:spider":1,"born_in_chaos_v1:decrepit_skeleton":2},"minecraft:picked_up":{"simplehats:babyturtle":1,"minecraft:stick":12,"minecraft:crafting_table":2,"minecraft:feather":7,"minecraft:chicken":4,"minecraft:wooden_pickaxe":1,"minecraft:porkchop":14,"simplehats:batwinghat":1,"minecraft:oak_log":22,"simplehats:rgbsmallbowler":1,"simplehats:ghostmask":2,"minecraft:golden_chestplate":1,"minecraft:gunpowder":2,"minecraft:string":1,"minecraft:dirt":73,"simplehats:hatbag_epic":1,"minecraft:bone":3,"minecraft:rotten_flesh":6,"simplehats:hatbag_halloween":2,"minecraft:apple":1,"simplehats:dairyqueen":1,"minecraft:wheat_seeds":5,"minecraft:oak_sapling":15,"minecraft:sugar_cane":3,"minecraft:coal":35,"minecraft:egg":2,"minecraft:cobblestone":34,"minecraft:furnace":1}},"DataVersion":3465}