{"stats":{"minecraft:crafted":{"minecraft:oak_planks":12,"minecraft:crafting_table":1,"minecraft:stick":4,"minecraft:wooden_pickaxe":1},"minecraft:custom":{"minecraft:time_since_rest":4706,"minecraft:crouch_one_cm":1641,"minecraft:play_time":4706,"minecraft:sprint_one_cm":716,"minecraft:walk_one_cm":1443,"minecraft:sneak_time":688,"minecraft:jump":10,"minecraft:leave_game":2,"minecraft:time_since_death":4706,"minecraft:total_world_time":4706,"minecraft:interact_with_crafting_table":2,"minecraft:fall_one_cm":267,"minecraft:fly_one_cm":3595},"minecraft:used":{"minecraft:crafting_table":1,"minecraft:wooden_pickaxe":5},"minecraft:mined":{"minecraft:grass":2,"minecraft:coal_ore":2,"minecraft:grass_block":3,"minecraft:oak_log":2,"minecraft:dirt":8,"minecraft:stone":3,"treechop:chopped_log":1},"minecraft:picked_up":{"minecraft:wheat_seeds":1,"minecraft:oak_log":3,"minecraft:coal":2,"minecraft:dirt":11,"minecraft:cobblestone":3}},"DataVersion":3465}