{"stats":{"minecraft:used":{"minecraft:chest":3,"minecraft:shield":99,"minecraft:iron_sword":176,"tombstone:lollipop":2,"minecraft:carrot":16,"tombstone:decorative_grave_simple":1,"born_in_chaos_v1:smoked_flesh":39,"minecraft:dark_oak_slab":1,"minecraft:stone_brick_stairs":1,"minecraft:stone_bricks":1,"minecraft:item_frame":5,"minecraft:bow":52,"minecraft:oak_sapling":2,"minecraft:furnace":11,"minecraft:egg":2,"minecraft:damaged_anvil":2,"minecraft:diorite":19,"minecraft:oak_planks":185,"minecraft:stone_pickaxe":128,"minecraft:wooden_pickaxe":11,"minecraft:sugar_cane":19,"minecraft:diamond_axe":547,"minecraft:golden_apple":12,"minecraft:blast_furnace":9,"minecraft:cobbled_deepslate_stairs":3,"waystones:waystone":3,"minecraft:bread":99,"born_in_chaos_v1:staffof_magic_arrows":1,"minecraft:string":1,"minecraft:red_terracotta":2,"minecraft:diamond_sword":1645,"minecraft:chest_minecart":1,"minecraft:stripped_acacia_wood":1,"minecraft:enchanting_table":2,"minecraft:stone_sword":248,"minecraft:stone_shovel":8,"minecraft:spruce_planks":33,"minecraft:stone_hoe":24,"minecraft:netherrack":5,"minecraft:torch":46,"minecraft:brewing_stand":1,"minecraft:dirt":136,"quark:cherry_bookshelf":77,"minecraft:dark_oak_planks":9,"minecraft:bookshelf":10,"minecraft:netherite_pickaxe":937,"tombstone:gift":9,"minecraft:cooked_beef":15,"minecraft:cobbled_deepslate":23,"minecraft:acacia_planks":20,"minecraft:enchanted_golden_apple":1,"minecraft:brown_bed":6,"minecraft:cooked_mutton":5,"minecraft:water_bucket":34,"minecraft:birch_planks":5,"minecraft:bundle":1,"minecraft:baked_potato":2,"minecraft:cherry_planks":3,"minecraft:crafting_table":24,"minecraft:white_bed":8,"minecraft:painting":1,"minecraft:cake":1,"minecraft:smoker":5,"tombstone:bag_of_seeds":10,"minecraft:dark_prismarine":3,"minecraft:diamond_shovel":226,"minecraft:iron_pickaxe":83,"tombstone:magic_scroll":1,"minecraft:stone_axe":312,"born_in_chaos_v1:tombstone_dark_titan_066":1,"minecraft:cobblestone":82,"minecraft:bucket":35,"minecraft:yellow_bed":4,"minecraft:cooked_porkchop":62,"quark:oak_chest":12},"minecraft:picked_up":{"minecraft:iron_chestplate":1,"minecraft:black_carpet":9,"simplehats:hatbag_rare":6,"minecraft:flower_pot":3,"minecraft:diamond_sword":3,"minecraft:oak_stairs":1,"minecraft:brown_bed":6,"minecraft:potion":3,"minecraft:enchanted_book":5,"minecraft:stone_brick_stairs":1,"minecraft:brewing_stand":1,"evilcraft:ender_tear":1,"minecraft:string":51,"minecraft:dark_oak_trapdoor":1,"minecraft:raw_copper":27,"minecraft:iron_leggings":1,"minecraft:oak_sign":2,"minecraft:sea_pickle":3,"simplehats:lilbow":1,"minecraft:diamond_leggings":1,"minecraft:cobbled_deepslate":110,"minecraft:bucket":1,"minecraft:spruce_planks":42,"minecraft:calcite":14,"minecraft:iron_pickaxe":2,"minecraft:coal_block":3,"simplehats:digger":1,"minecraft:mangrove_log":1,"minecraft:iron_boots":1,"minecraft:furnace":11,"minecraft:tipped_arrow":9,"minecraft:golden_helmet":1,"minecraft:stick":85,"born_in_chaos_v1:shattered_skull":1,"quark:glow_shroom_ring":1,"minecraft:acacia_log":1,"born_in_chaos_v1:phantom_powder":1,"minecraft:torch":22,"minecraft:porkchop":65,"simplehats:batwinghat":3,"simplehats:ushanka":1,"minecraft:cherry_log":142,"minecraft:pointed_dripstone":10,"tombstone:grave_dust":52,"minecraft:diorite":26,"born_in_chaos_v1:nightmare_claw":1,"born_in_chaos_v1:black_argillite_brick_stairs":1,"minecraft:golden_chestplate":1,"tombstone:lollipop":21,"minecraft:rotten_flesh":156,"minecraft:iron_block":2,"minecraft:obsidian":4,"minecraft:cobblestone":294,"minecraft:enchanting_table":1,"minecraft:birch_log":11,"minecraft:pink_petals":267,"born_in_chaos_v1:staffof_magic_arrows":2,"minecraft:leather_chestplate":1,"minecraft:feather":17,"minecraft:cherry_planks":77,"born_in_chaos_v1:spiritual_dust":5,"minecraft:andesite":5,"minecraft:golden_leggings":1,"minecraft:smoker":3,"minecraft:potato":2,"minecraft:tuff":1,"minecraft:magenta_bed":1,"minecraft:wither_skeleton_skull":2,"minecraft:lapis_lazuli":288,"minecraft:dirt":172,"minecraft:lantern":1,"minecraft:name_tag":2,"simplehats:hatbag_epic":2,"born_in_chaos_v1:monster_skin":25,"minecraft:leather_boots":1,"minecraft:bone":139,"minecraft:acacia_planks":10,"minecraft:bow":10,"minecraft:wheat_seeds":29,"minecraft:raw_gold":49,"minecraft:dark_oak_sign":3,"simplehats:hatbag_uncommon":11,"minecraft:pitcher_pod":2,"minecraft:oak_planks":44,"simplehats:babyturtle":1,"minecraft:poisonous_potato":1,"minecraft:sand":224,"minecraft:stripped_acacia_wood":10,"simplehats:rgbsmallbowler":1,"quark:glow_lichen_growth":1,"minecraft:lily_of_the_valley":1,"minecraft:trapped_chest":1,"minecraft:dark_oak_log":2,"minecraft:chiseled_sandstone":1,"minecraft:red_terracotta":2,"minecraft:dark_prismarine":11,"minecraft:bundle":7,"born_in_chaos_v1:fire_dust":3,"minecraft:diamond":6,"waystones:waystone":3,"minecraft:granite":22,"minecraft:golden_apple":1,"minecraft:chainmail_helmet":1,"minecraft:emerald":4,"minecraft:oak_sapling":42,"born_in_chaos_v1:rotten_fish":6,"minecraft:netherrack":6,"minecraft:crimson_roots":3,"minecraft:diamond_pickaxe":1,"minecraft:crafting_table":22,"minecraft:cocoa_beans":10,"minecraft:charcoal":6,"born_in_chaos_v1:diamond_termite_shard":7,"minecraft:chicken":4,"minecraft:chest_minecart":1,"born_in_chaos_v1:seedof_chaos":3,"born_in_chaos_v1:charmof_resistance":1,"minecraft:wooden_pickaxe":1,"minecraft:chain":3,"simplehats:ghostmask":2,"born_in_chaos_v1:fired_black_argillite":2,"minecraft:shield":1,"minecraft:iron_axe":1,"born_in_chaos_v1:intoxicating_decoction":1,"minecraft:item_frame":1,"minecraft:iron_shovel":1,"simplehats:dairyqueen":1,"minecraft:beef":25,"minecraft:sugar_cane":19,"minecraft:birch_sapling":2,"minecraft:phantom_membrane":3,"minecraft:egg":3,"minecraft:raw_iron":202,"minecraft:sandstone":1,"minecraft:stripped_mangrove_wood":3,"minecraft:stone":34,"simplehats:hatbag_common":16,"born_in_chaos_v1:charmof_endurance":1,"born_in_chaos_v1:pieceofdarkmetal":21,"minecraft:carrot":4,"minecraft:redstone":268,"minecraft:mangrove_trapdoor":2,"minecraft:dark_oak_planks":37,"minecraft:arrow":68,"minecraft:beetroot_seeds":16,"minecraft:peony":1,"minecraft:hay_block":24,"minecraft:glow_berries":6,"born_in_chaos_v1:spiny_shell":11,"tombstone:essence_of_undeath":1,"minecraft:rail":7,"minecraft:mutton":7,"minecraft:white_wool":5,"born_in_chaos_v1:fused_bone":2,"born_in_chaos_v1:corpse_maggot":15,"minecraft:netherite_boots":1,"born_in_chaos_v1:monster_flesh":3,"minecraft:leather":8,"minecraft:birch_planks":6,"minecraft:crimson_fungus":1,"minecraft:oak_log":126,"minecraft:chainmail_chestplate":3,"minecraft:yellow_bed":4,"minecraft:cobbled_deepslate_stairs":3,"minecraft:gunpowder":7,"minecraft:white_banner":1,"tombstone:gift":2,"minecraft:cooked_mutton":5,"minecraft:red_carpet":2,"sophisticatedbackpacks:upgrade_base":1,"minecraft:stone_bricks":1,"minecraft:apple":4,"minecraft:gray_carpet":3,"minecraft:spruce_wood":3,"minecraft:iron_ingot":6,"quark:glow_shroom":4,"tombstone:bag_of_seeds":6,"minecraft:glass_bottle":1,"minecraft:iron_sword":2,"minecraft:dark_oak_stairs":1,"minecraft:book":1047,"minecraft:polished_andesite_stairs":1,"minecraft:dark_oak_slab":2,"born_in_chaos_v1:orbofthe_summoner":1,"born_in_chaos_v1:ethereal_spirit":9,"minecraft:dripstone_block":30,"minecraft:torchflower_seeds":8,"minecraft:gravel":13,"simplehats:slime_cube_dnd":1,"minecraft:birch_stairs":6,"minecraft:red_banner":1,"minecraft:blast_furnace":19,"minecraft:white_bed":7,"quark:oak_chest":2,"minecraft:spruce_door":1,"minecraft:spider_eye":10,"minecraft:leather_helmet":1,"minecraft:diamond_shovel":2,"minecraft:chainmail_leggings":1,"simplehats:hatbag_halloween":2,"minecraft:slime_ball":9,"evilcraft:dark_gem":112,"minecraft:iron_helmet":2,"minecraft:diamond_axe":2,"minecraft:painting":2,"minecraft:cherry_sapling":85,"minecraft:gray_wool":1,"born_in_chaos_v1:tombstone_dark_titan_066":1,"tombstone:magic_scroll":9,"minecraft:damaged_anvil":4,"minecraft:melon_seeds":8,"minecraft:coal":433},"minecraft:crafted":{"minecraft:black_dye":1,"minecraft:smooth_stone":3,"minecraft:oak_planks":472,"minecraft:stone":14,"sophisticatedbackpacks:crafting_upgrade":1,"minecraft:bookshelf":26,"born_in_chaos_v1:dark_metal_ingot":14,"minecraft:glass":150,"minecraft:diamond_helmet":1,"minecraft:iron_boots":1,"minecraft:bow":5,"evilcraft:blood_extractor":1,"minecraft:chest":5,"minecraft:stone_hoe":1,"born_in_chaos_v1:pileof_dark_metal":7,"minecraft:smoker":2,"minecraft:item_frame":5,"sophisticatedbackpacks:backpack":3,"minecraft:cooked_porkchop":65,"minecraft:diamond_axe":1,"minecraft:crafting_table":6,"minecraft:iron_helmet":1,"minecraft:spruce_planks":12,"minecraft:wooden_pickaxe":1,"minecraft:baked_potato":23,"tombstone:decorative_grave_simple":1,"minecraft:birch_planks":32,"sophisticatedbackpacks:upgrade_base":2,"born_in_chaos_v1:smoked_flesh":30,"minecraft:iron_chestplate":1,"minecraft:shield":5,"minecraft:iron_ingot":90,"minecraft:stick":28,"quark:oak_chest":11,"minecraft:iron_pickaxe":1,"minecraft:iron_block":8,"minecraft:stone_sword":2,"minecraft:gold_ingot":17,"sophisticatedbackpacks:blasting_upgrade":1,"evilcraft:dark_spike":16,"minecraft:cherry_planks":457,"minecraft:coal":27,"minecraft:stone_shovel":1,"sophisticatedbackpacks:stack_upgrade_tier_1":1,"minecraft:furnace":3,"tombstone:blue_marble":3,"quark:cherry_bookshelf":77,"born_in_chaos_v1:pieceofdarkmetal":27,"minecraft:leather":18,"minecraft:stone_pickaxe":2,"minecraft:dark_oak_planks":8,"minecraft:wheat":216,"sophisticatedbackpacks:iron_backpack":1,"minecraft:cooked_beef":25,"evilcraft:dark_tank":19,"minecraft:diamond_sword":2,"minecraft:enchanting_table":1,"minecraft:iron_sword":1,"sophisticatedbackpacks:gold_backpack":1,"minecraft:mangrove_planks":4,"minecraft:bucket":1,"minecraft:stone_axe":4,"minecraft:bread":72,"minecraft:air":0,"minecraft:golden_apple":8,"minecraft:torch":76,"minecraft:acacia_planks":24,"minecraft:lapis_lazuli":225,"minecraft:lapis_block":25,"minecraft:diamond_chestplate":1},"minecraft:dropped":{"minecraft:birch_planks":24,"minecraft:dark_oak_stairs":1,"quark:glow_shroom":4,"minecraft:lapis_lazuli":15,"minecraft:cooked_beef":6,"minecraft:glass_bottle":1,"minecraft:crafting_table":3,"minecraft:cooked_porkchop":3,"minecraft:pitcher_pod":2,"minecraft:dark_oak_slab":1,"minecraft:rail":1,"minecraft:leather_helmet":1,"born_in_chaos_v1:monster_flesh":1,"minecraft:dirt":5,"tombstone:bag_of_seeds":1,"born_in_chaos_v1:monster_skin":14,"minecraft:crimson_roots":3,"simplehats:ghostmask":1,"minecraft:iron_pickaxe":1,"born_in_chaos_v1:fired_black_argillite":2,"minecraft:dark_oak_planks":12,"minecraft:birch_log":3,"minecraft:white_wool":1,"minecraft:birch_stairs":6,"minecraft:bone":16,"tombstone:lollipop":1,"minecraft:gravel":2,"simplehats:hatbag_rare":3,"minecraft:cobbled_deepslate":24,"minecraft:black_carpet":9,"minecraft:birch_sapling":2,"minecraft:pointed_dripstone":10,"born_in_chaos_v1:ethereal_spirit":1,"minecraft:cherry_sapling":33,"minecraft:rotten_flesh":94,"minecraft:oak_planks":32,"minecraft:diamond_shovel":1,"minecraft:leather_chestplate":1,"quark:glow_shroom_ring":1,"born_in_chaos_v1:dark_metal_ingot":7,"simplehats:hatbag_uncommon":8,"minecraft:charcoal":6,"minecraft:melon_seeds":4,"minecraft:beetroot_seeds":23,"born_in_chaos_v1:corpse_maggot":12,"minecraft:leather_boots":1,"born_in_chaos_v1:diamond_termite_shard":2,"minecraft:painting":1,"quark:smithing_template_rune":1,"minecraft:arrow":1,"minecraft:egg":1,"minecraft:enchanted_book":2,"minecraft:bread":26,"minecraft:wheat_seeds":31,"minecraft:golden_helmet":1,"minecraft:mangrove_trapdoor":2,"minecraft:dripstone_block":30,"minecraft:poisonous_potato":1,"minecraft:feather":17,"minecraft:cobblestone":67,"minecraft:book":192,"minecraft:granite":21,"evilcraft:dark_gem":26,"minecraft:spruce_door":1,"minecraft:acacia_log":1,"minecraft:chainmail_helmet":1,"minecraft:coal":20,"minecraft:stick":5,"quark:glow_lichen_growth":1,"minecraft:gray_wool":1,"minecraft:diorite":7,"minecraft:potion":1,"minecraft:polished_andesite_stairs":1,"born_in_chaos_v1:staffof_magic_arrows":1,"minecraft:string":4,"minecraft:trapped_chest":1,"minecraft:bucket":1,"minecraft:gray_carpet":3,"minecraft:acacia_planks":5,"simplehats:batwinghat":2,"minecraft:chiseled_sandstone":1,"minecraft:redstone":74,"minecraft:furnace":1,"simplehats:lilbow":1,"born_in_chaos_v1:black_argillite_brick_stairs":1,"minecraft:raw_copper":27,"minecraft:dark_oak_sign":3,"minecraft:cocoa_beans":5,"minecraft:tuff":1,"born_in_chaos_v1:rotten_fish":3,"minecraft:damaged_anvil":1,"minecraft:stripped_acacia_wood":3,"minecraft:torchflower_seeds":11,"minecraft:pumpkin_seeds":1,"minecraft:lily_of_the_valley":1,"minecraft:potato":1,"minecraft:shield":2,"minecraft:flower_pot":2,"simplehats:hatbag_common":13,"minecraft:peony":1,"minecraft:spruce_planks":6,"minecraft:bundle":4,"minecraft:andesite":2,"born_in_chaos_v1:spiny_shell":3,"minecraft:golden_leggings":1,"minecraft:oak_sapling":40,"minecraft:spider_eye":2,"minecraft:sandstone":1,"minecraft:bow":4,"minecraft:stone_pickaxe":2,"minecraft:wooden_pickaxe":2,"minecraft:raw_gold":5,"minecraft:calcite":4,"minecraft:dark_prismarine":1},"minecraft:broken":{"minecraft:diamond_helmet":1,"minecraft:iron_boots":1,"minecraft:iron_chestplate":1,"minecraft:stone_axe":2,"minecraft:iron_sword":1,"minecraft:golden_chestplate":1,"minecraft:diamond_chestplate":1,"minecraft:stone_sword":1,"minecraft:shield":2,"minecraft:iron_helmet":3,"minecraft:netherite_boots":1},"minecraft:mined":{"minecraft:dark_oak_planks":33,"minecraft:cut_sandstone_slab":4,"minecraft:spruce_planks":42,"minecraft:white_bed":8,"minecraft:cobbled_deepslate_stairs":3,"minecraft:cherry_log":4,"minecraft:potted_crimson_fungus":1,"minecraft:brewing_stand":1,"minecraft:obsidian":4,"minecraft:granite":19,"quark:glow_shroom_stem":2,"minecraft:grass_block":12,"minecraft:coal_block":3,"minecraft:oak_wall_sign":1,"minecraft:spawner":21,"minecraft:dark_oak_trapdoor":1,"minecraft:iron_ore":94,"minecraft:fire":10,"minecraft:cobbled_deepslate":9,"born_in_chaos_v1:black_argillite_brick_stairs":7,"minecraft:black_carpet":10,"minecraft:deepslate_lapis_ore":43,"minecraft:enchanting_table":1,"minecraft:brown_bed":5,"minecraft:dark_oak_stairs":1,"minecraft:pointed_dripstone":1,"minecraft:oak_stairs":1,"minecraft:spruce_wood":3,"minecraft:stripped_mangrove_wood":3,"minecraft:iron_block":2,"minecraft:green_bed":1,"minecraft:deepslate_redstone_ore":40,"minecraft:smoker":3,"born_in_chaos_v1:infected_deepslate_diamond_ore":2,"minecraft:blast_furnace":19,"minecraft:calcite":22,"minecraft:polished_andesite_stairs":1,"minecraft:white_stained_glass_pane":2,"minecraft:cobblestone":9,"minecraft:damaged_anvil":3,"minecraft:oak_planks":47,"minecraft:sugar_cane":8,"minecraft:bricks":2,"minecraft:pink_petals":9,"minecraft:chain":3,"minecraft:dark_oak_slab":2,"born_in_chaos_v1:tombstone_dark_titan_066":1,"minecraft:magenta_bed":1,"quark:cherry_bookshelf":13,"evilcraft:dark_ore_deepslate":11,"born_in_chaos_v1:fired_black_argillite":2,"minecraft:stone_brick_stairs":1,"minecraft:smooth_stone_slab":1,"minecraft:grass":26,"minecraft:oak_log":2,"minecraft:sand":226,"minecraft:dirt":44,"minecraft:netherrack":7,"minecraft:oak_leaves":1,"minecraft:deepslate":134,"minecraft:dark_prismarine":15,"minecraft:diamond_ore":1,"minecraft:tuff":2,"minecraft:deepslate_diamond_ore":4,"born_in_chaos_v1:infected_diamond_ore":4,"minecraft:crimson_roots":5,"minecraft:mangrove_trapdoor":2,"minecraft:hay_block":24,"minecraft:redstone_ore":5,"minecraft:furnace":10,"minecraft:chiseled_sandstone":1,"minecraft:andesite":24,"treechop:chopped_log":27,"evilcraft:dark_ore":13,"minecraft:peony":1,"minecraft:bookshelf":272,"minecraft:deepslate_iron_ore":108,"minecraft:stone":235,"minecraft:birch_stairs":5,"minecraft:cherry_planks":3,"quark:oak_chest":2,"minecraft:stone_brick_slab":1,"minecraft:spruce_door":1,"minecraft:red_banner":1,"minecraft:crafting_table":18,"minecraft:emerald_ore":4,"minecraft:rose_bush":1,"minecraft:copper_ore":5,"quark:glow_shroom_block":9,"minecraft:tall_grass":9,"minecraft:lapis_ore":2,"born_in_chaos_v1:chipped_black_argillite_brick":1,"minecraft:deepslate_gold_ore":38,"minecraft:diorite":30,"minecraft:birch_planks":6,"minecraft:gray_wool":1,"minecraft:red_terracotta":2,"minecraft:white_wall_banner":1,"minecraft:yellow_bed":4,"minecraft:coal_ore":158,"quark:monster_box":1,"minecraft:gray_carpet":5,"minecraft:gravel":3,"minecraft:cobweb":12,"minecraft:cracked_stone_bricks":1,"minecraft:acacia_planks":10,"minecraft:stripped_acacia_wood":8,"minecraft:stone_bricks":1,"minecraft:gold_ore":4},"minecraft:custom":{"minecraft:interact_with_crafting_table":93,"minecraft:open_barrel":69,"minecraft:eat_cake_slice":2,"minecraft:leave_game":5,"minecraft:time_since_death":8818,"minecraft:damage_resisted":79,"minecraft:sprint_one_cm":1110706,"minecraft:damage_blocked_by_shield":7830,"minecraft:drop":234,"tombstone:eaten_lollipop":2,"minecraft:play_noteblock":1,"minecraft:play_time":543050,"minecraft:deaths":18,"minecraft:jump":7311,"minecraft:interact_with_brewingstand":1,"minecraft:enchant_item":2,"minecraft:walk_on_water_one_cm":53288,"minecraft:interact_with_furnace":51,"minecraft:interact_with_loom":1,"minecraft:sleep_in_bed":23,"minecraft:waystone_activated":6,"minecraft:damage_dealt":103576,"minecraft:crouch_one_cm":44278,"tombstone:undead_killed":252,"minecraft:interact_with_smoker":42,"minecraft:horse_one_cm":673900,"minecraft:mob_kills":436,"minecraft:damage_dealt_resisted":11169,"minecraft:climb_one_cm":10432,"minecraft:walk_one_cm":1058248,"minecraft:damage_dealt_absorbed":80,"minecraft:sneak_time":20786,"minecraft:walk_under_water_one_cm":39403,"minecraft:interact_with_blast_furnace":73,"minecraft:total_world_time":543050,"minecraft:tune_noteblock":1,"minecraft:time_since_rest":8489,"minecraft:damage_absorbed":640,"minecraft:damage_taken":23296,"minecraft:trigger_trapped_chest":1,"minecraft:swim_one_cm":114036,"minecraft:fly_one_cm":1592251,"minecraft:open_chest":343,"minecraft:fall_one_cm":224404},"minecraft:killed_by":{"born_in_chaos_v1:scarlet_persecutor":1,"minecraft:vex":4,"minecraft:husk":1,"born_in_chaos_v1:baby_skeleton_minion":2,"minecraft:stray":3,"minecraft:skeleton":2,"minecraft:phantom":3},"minecraft:killed":{"born_in_chaos_v1:zombie_clown":1,"born_in_chaos_v1:mr_pumpkin":2,"minecraft:cave_spider":25,"born_in_chaos_v1:restless_spirit":2,"born_in_chaos_v1:zombie_lumberjack":2,"born_in_chaos_v1:door_knight_not_despawn":1,"minecraft:spider":12,"born_in_chaos_v1:siamese_skeletonsright":1,"born_in_chaos_v1:scarlet_persecutor":3,"born_in_chaos_v1:baby_skeleton_minion":3,"minecraft:skeleton":47,"minecraft:chicken":4,"born_in_chaos_v1:skeleton_thrasher":1,"born_in_chaos_v1:supreme_bonescaller_stage_2":1,"born_in_chaos_v1:firelight_not_despawn":3,"minecraft:pig":27,"born_in_chaos_v1:diamond_termite":9,"minecraft:zombie_villager":5,"minecraft:creeper":12,"minecraft:sheep":5,"minecraft:zombie":63,"born_in_chaos_v1:dread_hound":8,"born_in_chaos_v1:corpse_fly":6,"minecraft:stray":23,"born_in_chaos_v1:door_knight":2,"born_in_chaos_v1:siamese_skeletonsleft":1,"minecraft:cow":10,"minecraft:vex":2,"born_in_chaos_v1:missioner":2,"born_in_chaos_v1:skeleton_thrasher_not_despawn":1,"minecraft:slime":7,"born_in_chaos_v1:thornshell_crab":3,"born_in_chaos_v1:zombie_bruiser":2,"born_in_chaos_v1:maggot":17,"minecraft:phantom":8,"minecraft:drowned":2,"born_in_chaos_v1:corpse_fish":4,"born_in_chaos_v1:fallen_chaos_knight":1,"minecraft:husk":28,"born_in_chaos_v1:bone_imp_minion":19,"born_in_chaos_v1:baby_skeleton":8,"minecraft:hoglin":4,"born_in_chaos_v1:decrepit_skeleton":15,"born_in_chaos_v1:bloody_gadfly":1,"born_in_chaos_v1:decaying_zombie":4,"born_in_chaos_v1:bonescaller_not_despawn":2,"born_in_chaos_v1:nightmare_stalker":1,"minecraft:wither_skeleton":16,"born_in_chaos_v1:decaying_zombie_not_despawn":1}},"DataVersion":3465}