{"stats":{"minecraft:used":{"minecraft:chest":3,"minecraft:shield":34,"minecraft:iron_sword":176,"tombstone:lollipop":2,"minecraft:carrot":1,"minecraft:dark_oak_slab":1,"minecraft:stone_brick_stairs":1,"minecraft:stone_bricks":1,"minecraft:bow":1,"minecraft:oak_sapling":2,"minecraft:furnace":2,"minecraft:egg":2,"minecraft:diorite":17,"minecraft:stone_pickaxe":128,"minecraft:oak_planks":36,"minecraft:wooden_pickaxe":11,"minecraft:diamond_axe":80,"minecraft:sugar_cane":19,"minecraft:golden_apple":5,"minecraft:blast_furnace":1,"waystones:waystone":1,"minecraft:bread":68,"minecraft:string":1,"minecraft:red_terracotta":2,"minecraft:diamond_sword":559,"minecraft:stripped_acacia_wood":1,"minecraft:stone_sword":248,"minecraft:stone_shovel":8,"minecraft:spruce_planks":22,"minecraft:stone_hoe":24,"minecraft:netherrack":5,"minecraft:torch":4,"minecraft:dirt":135,"minecraft:dark_oak_planks":9,"minecraft:netherite_pickaxe":19,"tombstone:gift":7,"minecraft:acacia_planks":20,"minecraft:cooked_beef":6,"minecraft:brown_bed":6,"minecraft:water_bucket":7,"minecraft:birch_planks":1,"minecraft:crafting_table":16,"minecraft:white_bed":3,"minecraft:painting":1,"minecraft:cake":1,"tombstone:bag_of_seeds":6,"minecraft:dark_prismarine":3,"minecraft:iron_pickaxe":83,"minecraft:stone_axe":312,"minecraft:cobblestone":48,"minecraft:bucket":8,"minecraft:cooked_porkchop":27},"minecraft:picked_up":{"minecraft:black_carpet":9,"simplehats:hatbag_rare":2,"minecraft:diamond_sword":1,"minecraft:oak_stairs":1,"minecraft:brown_bed":6,"minecraft:enchanted_book":1,"minecraft:potion":1,"minecraft:stone_brick_stairs":1,"minecraft:string":3,"minecraft:dark_oak_trapdoor":1,"minecraft:oak_sign":2,"minecraft:sea_pickle":3,"simplehats:lilbow":1,"minecraft:diamond_leggings":1,"minecraft:spruce_planks":42,"minecraft:calcite":12,"minecraft:iron_pickaxe":1,"simplehats:digger":1,"minecraft:mangrove_log":1,"minecraft:furnace":3,"minecraft:golden_helmet":1,"minecraft:stick":12,"minecraft:porkchop":30,"simplehats:batwinghat":1,"simplehats:ushanka":1,"tombstone:grave_dust":17,"minecraft:diorite":24,"born_in_chaos_v1:nightmare_claw":1,"minecraft:golden_chestplate":1,"tombstone:lollipop":2,"minecraft:rotten_flesh":24,"minecraft:obsidian":4,"minecraft:cobblestone":86,"minecraft:feather":7,"minecraft:potato":1,"minecraft:wither_skeleton_skull":2,"minecraft:dirt":140,"minecraft:lantern":1,"simplehats:hatbag_epic":1,"born_in_chaos_v1:monster_skin":8,"minecraft:leather_boots":1,"minecraft:bone":58,"minecraft:acacia_planks":10,"minecraft:bow":1,"minecraft:wheat_seeds":13,"minecraft:dark_oak_sign":3,"simplehats:hatbag_uncommon":5,"minecraft:oak_planks":4,"minecraft:pitcher_pod":2,"simplehats:babyturtle":1,"minecraft:stripped_acacia_wood":10,"simplehats:rgbsmallbowler":1,"minecraft:lily_of_the_valley":1,"minecraft:chiseled_sandstone":1,"minecraft:red_terracotta":2,"minecraft:dark_prismarine":11,"minecraft:bundle":1,"waystones:waystone":2,"born_in_chaos_v1:rotten_fish":5,"minecraft:oak_sapling":15,"minecraft:netherrack":6,"minecraft:crafting_table":14,"minecraft:cocoa_beans":10,"minecraft:chicken":4,"minecraft:wooden_pickaxe":1,"simplehats:ghostmask":2,"simplehats:dairyqueen":1,"minecraft:beef":12,"minecraft:sugar_cane":19,"minecraft:phantom_membrane":3,"minecraft:egg":3,"minecraft:raw_iron":2,"minecraft:sandstone":1,"minecraft:stripped_mangrove_wood":3,"simplehats:hatbag_common":7,"minecraft:carrot":1,"minecraft:dark_oak_planks":37,"minecraft:arrow":17,"minecraft:beetroot_seeds":16,"minecraft:peony":1,"minecraft:hay_block":24,"born_in_chaos_v1:spiny_shell":7,"tombstone:essence_of_undeath":1,"minecraft:mutton":1,"minecraft:white_wool":1,"born_in_chaos_v1:corpse_maggot":5,"minecraft:netherite_boots":1,"born_in_chaos_v1:monster_flesh":1,"minecraft:leather":5,"minecraft:birch_planks":6,"minecraft:oak_log":22,"minecraft:gunpowder":3,"tombstone:gift":1,"minecraft:gray_carpet":3,"minecraft:apple":1,"minecraft:stone_bricks":1,"minecraft:spruce_wood":3,"minecraft:iron_ingot":1,"tombstone:bag_of_seeds":3,"minecraft:glass_bottle":1,"minecraft:iron_sword":1,"minecraft:dark_oak_stairs":1,"minecraft:book":252,"minecraft:dark_oak_slab":2,"minecraft:torchflower_seeds":8,"minecraft:birch_stairs":6,"minecraft:red_banner":1,"minecraft:blast_furnace":13,"minecraft:white_bed":3,"minecraft:spruce_door":1,"minecraft:spider_eye":1,"minecraft:slime_ball":9,"simplehats:hatbag_halloween":2,"minecraft:diamond_axe":1,"minecraft:painting":2,"minecraft:gray_wool":1,"tombstone:magic_scroll":3,"minecraft:damaged_anvil":1,"minecraft:melon_seeds":8,"minecraft:coal":147},"minecraft:crafted":{"minecraft:black_dye":1,"minecraft:oak_planks":88,"minecraft:diamond_helmet":1,"minecraft:chest":4,"minecraft:stone_hoe":1,"sophisticatedbackpacks:backpack":2,"minecraft:cooked_porkchop":30,"minecraft:diamond_axe":1,"minecraft:crafting_table":5,"minecraft:spruce_planks":12,"minecraft:wooden_pickaxe":1,"minecraft:shield":3,"minecraft:stick":24,"minecraft:iron_ingot":7,"minecraft:iron_pickaxe":1,"minecraft:stone_sword":2,"minecraft:stone_shovel":1,"minecraft:furnace":1,"minecraft:leather":2,"minecraft:stone_pickaxe":2,"minecraft:wheat":216,"minecraft:cooked_beef":12,"minecraft:diamond_sword":1,"minecraft:enchanting_table":1,"minecraft:iron_sword":1,"minecraft:mangrove_planks":4,"minecraft:bucket":1,"minecraft:stone_axe":4,"minecraft:bread":72,"minecraft:air":0,"minecraft:acacia_planks":24,"minecraft:torch":20,"minecraft:diamond_chestplate":1},"minecraft:dropped":{"minecraft:dark_oak_stairs":1,"minecraft:cooked_beef":6,"minecraft:glass_bottle":1,"minecraft:cooked_porkchop":3,"minecraft:pitcher_pod":2,"minecraft:dark_oak_slab":1,"minecraft:dirt":5,"simplehats:ghostmask":1,"minecraft:dark_oak_planks":12,"minecraft:white_wool":1,"minecraft:birch_stairs":6,"minecraft:bone":1,"simplehats:hatbag_rare":1,"minecraft:black_carpet":9,"minecraft:rotten_flesh":20,"minecraft:oak_planks":1,"simplehats:hatbag_uncommon":3,"minecraft:melon_seeds":4,"minecraft:beetroot_seeds":21,"born_in_chaos_v1:corpse_maggot":4,"minecraft:leather_boots":1,"minecraft:painting":1,"minecraft:arrow":1,"minecraft:egg":1,"minecraft:bread":24,"minecraft:wheat_seeds":13,"minecraft:feather":7,"minecraft:cobblestone":5,"minecraft:spruce_door":1,"minecraft:stick":1,"minecraft:gray_wool":1,"minecraft:diorite":7,"minecraft:potion":1,"minecraft:string":4,"minecraft:gray_carpet":3,"minecraft:acacia_planks":5,"minecraft:chiseled_sandstone":1,"simplehats:lilbow":1,"minecraft:dark_oak_sign":3,"minecraft:cocoa_beans":5,"born_in_chaos_v1:rotten_fish":2,"minecraft:stripped_acacia_wood":3,"minecraft:torchflower_seeds":8,"minecraft:pumpkin_seeds":1,"minecraft:lily_of_the_valley":1,"simplehats:hatbag_common":5,"minecraft:peony":1,"minecraft:oak_sapling":13,"minecraft:spider_eye":1,"minecraft:sandstone":1,"minecraft:stone_pickaxe":2,"minecraft:wooden_pickaxe":2,"minecraft:calcite":2,"minecraft:dark_prismarine":1},"minecraft:broken":{"minecraft:stone_axe":2,"minecraft:iron_sword":1,"minecraft:golden_chestplate":1,"minecraft:stone_sword":1,"minecraft:shield":1},"minecraft:mined":{"minecraft:dark_oak_planks":33,"minecraft:cut_sandstone_slab":4,"minecraft:spruce_planks":42,"minecraft:white_bed":4,"minecraft:obsidian":4,"minecraft:grass_block":11,"minecraft:oak_wall_sign":1,"minecraft:spawner":8,"minecraft:dark_oak_trapdoor":1,"minecraft:iron_ore":2,"minecraft:fire":3,"minecraft:black_carpet":10,"minecraft:dark_oak_stairs":1,"minecraft:brown_bed":5,"minecraft:oak_stairs":1,"minecraft:spruce_wood":3,"minecraft:stripped_mangrove_wood":3,"minecraft:green_bed":1,"minecraft:blast_furnace":13,"minecraft:calcite":13,"minecraft:white_stained_glass_pane":2,"minecraft:cobblestone":8,"minecraft:oak_planks":4,"minecraft:sugar_cane":8,"minecraft:damaged_anvil":1,"minecraft:bricks":2,"minecraft:dark_oak_slab":2,"minecraft:stone_brick_stairs":1,"minecraft:smooth_stone_slab":1,"minecraft:grass":3,"minecraft:oak_log":2,"minecraft:dirt":44,"minecraft:netherrack":7,"minecraft:dark_prismarine":15,"minecraft:hay_block":24,"minecraft:furnace":3,"minecraft:chiseled_sandstone":1,"treechop:chopped_log":2,"minecraft:peony":1,"minecraft:bookshelf":84,"minecraft:stone":79,"minecraft:birch_stairs":5,"minecraft:stone_brick_slab":1,"minecraft:spruce_door":1,"minecraft:red_banner":1,"minecraft:crafting_table":14,"minecraft:rose_bush":1,"minecraft:diorite":24,"minecraft:birch_planks":6,"minecraft:gray_wool":1,"minecraft:red_terracotta":2,"minecraft:coal_ore":45,"minecraft:gray_carpet":5,"minecraft:cracked_stone_bricks":1,"minecraft:acacia_planks":10,"minecraft:stripped_acacia_wood":8,"minecraft:stone_bricks":1},"minecraft:custom":{"minecraft:interact_with_crafting_table":39,"minecraft:open_barrel":9,"minecraft:eat_cake_slice":2,"minecraft:leave_game":3,"minecraft:time_since_death":11701,"minecraft:sprint_one_cm":388412,"minecraft:damage_blocked_by_shield":3735,"minecraft:drop":83,"tombstone:eaten_lollipop":2,"minecraft:play_noteblock":1,"minecraft:play_time":196149,"minecraft:deaths":7,"minecraft:jump":2833,"minecraft:walk_on_water_one_cm":18433,"minecraft:interact_with_furnace":14,"minecraft:interact_with_loom":1,"minecraft:sleep_in_bed":8,"minecraft:waystone_activated":2,"minecraft:damage_dealt":36822,"minecraft:crouch_one_cm":23567,"tombstone:undead_killed":76,"minecraft:horse_one_cm":673900,"minecraft:mob_kills":135,"minecraft:damage_dealt_resisted":1444,"minecraft:climb_one_cm":5588,"minecraft:walk_one_cm":396824,"minecraft:sneak_time":10680,"minecraft:walk_under_water_one_cm":16193,"minecraft:interact_with_blast_furnace":4,"minecraft:total_world_time":196149,"minecraft:tune_noteblock":1,"minecraft:time_since_rest":3752,"minecraft:damage_taken":9158,"minecraft:damage_absorbed":200,"minecraft:swim_one_cm":50350,"minecraft:fly_one_cm":660337,"minecraft:open_chest":96,"minecraft:fall_one_cm":89687},"minecraft:killed_by":{"minecraft:husk":1,"minecraft:skeleton":1,"minecraft:phantom":3},"minecraft:killed":{"born_in_chaos_v1:zombie_lumberjack":1,"minecraft:spider":3,"minecraft:skeleton":26,"minecraft:chicken":4,"minecraft:pig":9,"minecraft:zombie_villager":2,"minecraft:creeper":1,"minecraft:sheep":1,"minecraft:zombie":10,"born_in_chaos_v1:dread_hound":4,"born_in_chaos_v1:corpse_fly":3,"minecraft:cow":4,"minecraft:slime":7,"born_in_chaos_v1:thornshell_crab":2,"born_in_chaos_v1:maggot":1,"minecraft:phantom":8,"minecraft:drowned":2,"born_in_chaos_v1:corpse_fish":4,"minecraft:husk":12,"born_in_chaos_v1:baby_skeleton":3,"minecraft:hoglin":4,"born_in_chaos_v1:decrepit_skeleton":2,"born_in_chaos_v1:bloody_gadfly":1,"born_in_chaos_v1:nightmare_stalker":1,"minecraft:wither_skeleton":16}},"DataVersion":3465}