{"stats":{"minecraft:used":{"minecraft:stone_sword":248,"minecraft:stone_shovel":8,"minecraft:shield":4,"minecraft:spruce_planks":1,"minecraft:chest":2,"minecraft:iron_sword":176,"tombstone:lollipop":1,"minecraft:stone_hoe":24,"minecraft:torch":1,"minecraft:dirt":135,"minecraft:dark_oak_slab":1,"minecraft:furnace":2,"minecraft:oak_sapling":2,"tombstone:gift":2,"minecraft:egg":2,"minecraft:cooked_beef":4,"minecraft:brown_bed":2,"minecraft:diorite":17,"minecraft:stone_pickaxe":128,"minecraft:oak_planks":14,"minecraft:wooden_pickaxe":11,"minecraft:sugar_cane":19,"minecraft:crafting_table":11,"minecraft:blast_furnace":1,"minecraft:white_bed":2,"minecraft:painting":1,"minecraft:cake":1,"tombstone:bag_of_seeds":2,"minecraft:bread":25,"minecraft:iron_pickaxe":52,"minecraft:stone_axe":234,"minecraft:cobblestone":11,"minecraft:cooked_porkchop":18,"minecraft:bucket":1},"minecraft:picked_up":{"minecraft:crafting_table":8,"minecraft:black_carpet":9,"minecraft:chicken":4,"simplehats:hatbag_rare":1,"minecraft:wooden_pickaxe":1,"minecraft:brown_bed":2,"minecraft:enchanted_book":1,"simplehats:ghostmask":2,"minecraft:string":3,"minecraft:dark_oak_trapdoor":1,"simplehats:dairyqueen":1,"minecraft:sea_pickle":3,"minecraft:spruce_planks":10,"minecraft:beef":12,"minecraft:calcite":12,"minecraft:sugar_cane":19,"minecraft:phantom_membrane":1,"simplehats:digger":1,"minecraft:mangrove_log":1,"minecraft:furnace":2,"minecraft:egg":2,"minecraft:raw_iron":2,"minecraft:stick":12,"minecraft:stripped_mangrove_wood":3,"simplehats:hatbag_common":6,"minecraft:porkchop":22,"simplehats:batwinghat":1,"simplehats:ushanka":1,"tombstone:grave_dust":6,"minecraft:diorite":24,"minecraft:golden_chestplate":1,"tombstone:lollipop":1,"minecraft:dark_oak_planks":23,"minecraft:arrow":16,"minecraft:rotten_flesh":22,"minecraft:beetroot_seeds":6,"minecraft:hay_block":24,"born_in_chaos_v1:spiny_shell":4,"minecraft:mutton":1,"minecraft:cobblestone":76,"minecraft:white_wool":1,"born_in_chaos_v1:corpse_maggot":2,"minecraft:feather":7,"born_in_chaos_v1:monster_flesh":1,"minecraft:leather":5,"minecraft:oak_log":22,"minecraft:gunpowder":3,"minecraft:dirt":138,"tombstone:gift":1,"simplehats:hatbag_epic":1,"born_in_chaos_v1:monster_skin":3,"minecraft:bone":31,"minecraft:apple":1,"minecraft:gray_carpet":3,"minecraft:bow":1,"minecraft:wheat_seeds":12,"minecraft:iron_ingot":1,"minecraft:dark_oak_sign":3,"tombstone:bag_of_seeds":1,"simplehats:hatbag_uncommon":2,"minecraft:iron_sword":1,"minecraft:oak_planks":3,"minecraft:dark_oak_stairs":1,"minecraft:book":171,"simplehats:babyturtle":1,"minecraft:dark_oak_slab":2,"minecraft:stripped_acacia_wood":5,"minecraft:torchflower_seeds":2,"simplehats:rgbsmallbowler":1,"minecraft:red_banner":1,"minecraft:blast_furnace":13,"minecraft:white_bed":1,"minecraft:dark_prismarine":3,"simplehats:hatbag_halloween":2,"minecraft:painting":2,"minecraft:oak_sapling":15,"tombstone:magic_scroll":3,"born_in_chaos_v1:rotten_fish":4,"minecraft:damaged_anvil":1,"minecraft:melon_seeds":8,"minecraft:coal":142},"minecraft:crafted":{"minecraft:oak_planks":88,"minecraft:stone_shovel":1,"minecraft:furnace":1,"minecraft:stone_pickaxe":2,"minecraft:chest":2,"minecraft:stone_hoe":1,"minecraft:wheat":216,"minecraft:cooked_beef":12,"minecraft:cooked_porkchop":18,"minecraft:crafting_table":3,"minecraft:wooden_pickaxe":1,"minecraft:iron_sword":1,"minecraft:mangrove_planks":4,"minecraft:bucket":1,"minecraft:stone_axe":3,"minecraft:bread":72,"minecraft:air":0,"minecraft:shield":1,"minecraft:stick":20,"minecraft:iron_ingot":2,"minecraft:iron_pickaxe":1,"minecraft:stone_sword":2,"minecraft:acacia_planks":20,"minecraft:torch":20},"minecraft:dropped":{"minecraft:dark_oak_stairs":1,"minecraft:wheat_seeds":12,"minecraft:dark_oak_slab":1,"minecraft:feather":7,"minecraft:dirt":3,"minecraft:diorite":7,"simplehats:ghostmask":1,"minecraft:dark_oak_planks":12,"minecraft:white_wool":1,"minecraft:gray_carpet":3,"minecraft:bone":1,"minecraft:dark_oak_sign":3,"minecraft:black_carpet":9,"born_in_chaos_v1:rotten_fish":1,"minecraft:rotten_flesh":20,"minecraft:torchflower_seeds":2,"simplehats:hatbag_common":1,"simplehats:hatbag_uncommon":1,"born_in_chaos_v1:corpse_maggot":2,"minecraft:beetroot_seeds":6,"minecraft:melon_seeds":4,"minecraft:oak_sapling":13,"minecraft:painting":1,"minecraft:arrow":1,"minecraft:stone_pickaxe":2,"minecraft:wooden_pickaxe":2,"minecraft:calcite":2},"minecraft:broken":{"minecraft:stone_sword":1,"minecraft:stone_axe":1,"minecraft:iron_sword":1,"minecraft:golden_chestplate":1},"minecraft:mined":{"minecraft:dark_oak_planks":19,"minecraft:dark_prismarine":6,"minecraft:spruce_planks":10,"minecraft:white_bed":1,"minecraft:grass_block":10,"minecraft:spawner":4,"minecraft:hay_block":24,"minecraft:furnace":2,"minecraft:dark_oak_trapdoor":1,"minecraft:iron_ore":2,"minecraft:black_carpet":10,"treechop:chopped_log":2,"minecraft:brown_bed":1,"minecraft:dark_oak_stairs":1,"minecraft:bookshelf":57,"minecraft:stone":77,"minecraft:stripped_mangrove_wood":3,"minecraft:stone_brick_slab":1,"minecraft:red_banner":1,"minecraft:crafting_table":8,"minecraft:blast_furnace":13,"minecraft:calcite":13,"minecraft:rose_bush":1,"minecraft:damaged_anvil":1,"minecraft:sugar_cane":8,"minecraft:oak_planks":3,"minecraft:diorite":24,"minecraft:dark_oak_slab":2,"minecraft:grass":3,"minecraft:coal_ore":45,"minecraft:oak_log":2,"minecraft:dirt":43,"minecraft:gray_carpet":5,"minecraft:stripped_acacia_wood":3},"minecraft:custom":{"minecraft:mob_kills":89,"minecraft:interact_with_crafting_table":22,"minecraft:open_barrel":9,"minecraft:eat_cake_slice":2,"minecraft:time_since_death":17131,"minecraft:leave_game":3,"minecraft:climb_one_cm":4469,"minecraft:sprint_one_cm":195455,"minecraft:walk_one_cm":242352,"minecraft:damage_blocked_by_shield":345,"minecraft:drop":41,"tombstone:eaten_lollipop":1,"minecraft:play_noteblock":1,"minecraft:play_time":112149,"minecraft:deaths":3,"minecraft:sneak_time":7210,"minecraft:walk_under_water_one_cm":10102,"minecraft:jump":1477,"minecraft:interact_with_blast_furnace":4,"minecraft:walk_on_water_one_cm":10939,"minecraft:total_world_time":112149,"minecraft:interact_with_furnace":11,"minecraft:tune_noteblock":1,"minecraft:interact_with_loom":1,"minecraft:sleep_in_bed":2,"minecraft:waystone_activated":1,"minecraft:time_since_rest":15063,"minecraft:damage_taken":4790,"minecraft:damage_dealt":21109,"minecraft:swim_one_cm":13266,"minecraft:fly_one_cm":276276,"minecraft:open_chest":30,"minecraft:crouch_one_cm":16808,"tombstone:undead_killed":45,"minecraft:fall_one_cm":44279,"minecraft:horse_one_cm":386558},"minecraft:killed":{"born_in_chaos_v1:zombie_lumberjack":1,"minecraft:spider":2,"born_in_chaos_v1:thornshell_crab":1,"minecraft:phantom":2,"born_in_chaos_v1:maggot":1,"minecraft:skeleton":21,"minecraft:chicken":4,"minecraft:drowned":2,"born_in_chaos_v1:corpse_fish":4,"minecraft:husk":12,"minecraft:pig":9,"born_in_chaos_v1:baby_skeleton":1,"minecraft:hoglin":4,"minecraft:creeper":1,"born_in_chaos_v1:decrepit_skeleton":2,"minecraft:sheep":1,"minecraft:zombie":8,"born_in_chaos_v1:dread_hound":3,"born_in_chaos_v1:corpse_fly":1,"minecraft:wither_skeleton":2,"minecraft:cow":4},"minecraft:killed_by":{"minecraft:husk":1,"minecraft:skeleton":1}},"DataVersion":3465}