{"stats":{"minecraft:used":{"minecraft:diorite":15,"minecraft:stone_sword":131,"minecraft:stone_shovel":8,"minecraft:stone_pickaxe":102,"minecraft:oak_planks":1,"minecraft:chest":1,"minecraft:wooden_pickaxe":11,"minecraft:sugar_cane":19,"minecraft:stone_hoe":24,"minecraft:dirt":119,"minecraft:crafting_table":7,"minecraft:white_bed":1,"minecraft:painting":1,"tombstone:bag_of_seeds":2,"minecraft:bread":17,"minecraft:dark_oak_slab":1,"minecraft:stone_axe":83,"minecraft:oak_sapling":2,"minecraft:furnace":2,"minecraft:cooked_porkchop":6,"tombstone:gift":2,"minecraft:egg":2},"minecraft:picked_up":{"minecraft:crafting_table":5,"minecraft:feather":7,"minecraft:chicken":4,"minecraft:leather":2,"minecraft:wooden_pickaxe":1,"minecraft:enchanted_book":1,"minecraft:oak_log":22,"simplehats:ghostmask":2,"minecraft:gunpowder":2,"minecraft:string":1,"minecraft:dirt":122,"tombstone:gift":1,"simplehats:hatbag_epic":1,"born_in_chaos_v1:monster_skin":2,"minecraft:bone":12,"minecraft:sea_pickle":3,"minecraft:apple":1,"simplehats:dairyqueen":1,"minecraft:wheat_seeds":12,"minecraft:calcite":1,"minecraft:beef":12,"minecraft:dark_oak_sign":3,"tombstone:bag_of_seeds":1,"minecraft:sugar_cane":19,"minecraft:dark_oak_stairs":1,"minecraft:egg":2,"minecraft:furnace":1,"minecraft:book":48,"simplehats:babyturtle":1,"minecraft:stick":12,"minecraft:dark_oak_slab":1,"minecraft:stripped_mangrove_wood":3,"simplehats:hatbag_common":1,"minecraft:torchflower_seeds":2,"minecraft:porkchop":18,"simplehats:batwinghat":1,"minecraft:red_banner":1,"tombstone:grave_dust":2,"simplehats:rgbsmallbowler":1,"minecraft:blast_furnace":2,"minecraft:diorite":22,"minecraft:white_bed":1,"minecraft:golden_chestplate":1,"minecraft:dark_oak_planks":14,"minecraft:arrow":13,"minecraft:rotten_flesh":7,"simplehats:hatbag_halloween":2,"minecraft:beetroot_seeds":6,"minecraft:hay_block":24,"minecraft:painting":2,"born_in_chaos_v1:spiny_shell":4,"tombstone:magic_scroll":1,"born_in_chaos_v1:rotten_fish":1,"minecraft:oak_sapling":15,"minecraft:melon_seeds":8,"minecraft:mutton":1,"minecraft:coal":54,"minecraft:white_wool":1,"minecraft:cobblestone":38},"minecraft:crafted":{"minecraft:oak_planks":88,"minecraft:stone_shovel":1,"minecraft:cooked_porkchop":18,"minecraft:crafting_table":2,"minecraft:wooden_pickaxe":1,"minecraft:furnace":1,"minecraft:stone_axe":2,"minecraft:bread":72,"minecraft:air":0,"minecraft:stick":12,"minecraft:stone_pickaxe":2,"minecraft:stone_sword":2,"minecraft:chest":1,"minecraft:stone_hoe":1,"minecraft:wheat":216},"minecraft:dropped":{"minecraft:dark_oak_stairs":1,"minecraft:wheat_seeds":12,"minecraft:dark_oak_sign":2,"born_in_chaos_v1:rotten_fish":1,"minecraft:feather":7,"minecraft:rotten_flesh":11,"minecraft:torchflower_seeds":2,"simplehats:hatbag_common":1,"minecraft:diorite":7,"minecraft:beetroot_seeds":6,"minecraft:melon_seeds":4,"simplehats:ghostmask":1,"minecraft:oak_sapling":13,"minecraft:painting":1,"minecraft:arrow":1,"minecraft:wooden_pickaxe":2,"minecraft:calcite":1,"minecraft:dark_oak_planks":6,"minecraft:white_wool":1},"minecraft:broken":{"minecraft:stone_sword":1},"minecraft:mined":{"minecraft:dark_oak_planks":9,"minecraft:white_bed":1,"minecraft:stone_brick_slab":1,"minecraft:red_banner":1,"minecraft:crafting_table":5,"minecraft:blast_furnace":2,"minecraft:calcite":1,"minecraft:grass_block":8,"minecraft:rose_bush":1,"minecraft:sugar_cane":8,"minecraft:diorite":22,"minecraft:spawner":3,"minecraft:hay_block":24,"minecraft:dark_oak_slab":1,"minecraft:furnace":1,"treechop:chopped_log":2,"minecraft:dark_oak_stairs":1,"minecraft:grass":3,"minecraft:bookshelf":16,"minecraft:oak_log":2,"minecraft:coal_ore":43,"minecraft:dirt":43,"minecraft:stripped_mangrove_wood":3,"minecraft:stone":38},"minecraft:custom":{"minecraft:interact_with_furnace":8,"minecraft:mob_kills":48,"minecraft:interact_with_crafting_table":15,"minecraft:open_barrel":2,"minecraft:leave_game":3,"minecraft:time_since_death":2671,"minecraft:climb_one_cm":368,"minecraft:time_since_rest":1856,"minecraft:sprint_one_cm":128162,"minecraft:damage_taken":1502,"minecraft:walk_one_cm":121822,"minecraft:drop":26,"minecraft:damage_dealt":7423,"minecraft:swim_one_cm":8582,"minecraft:fly_one_cm":228161,"minecraft:deaths":1,"minecraft:open_chest":9,"minecraft:crouch_one_cm":12523,"minecraft:play_time":64149,"tombstone:undead_killed":18,"minecraft:sneak_time":4948,"minecraft:walk_under_water_one_cm":3773,"minecraft:jump":907,"minecraft:interact_with_blast_furnace":1,"minecraft:walk_on_water_one_cm":5591,"minecraft:total_world_time":64149,"minecraft:fall_one_cm":26079},"minecraft:killed_by":{"minecraft:skeleton":1},"minecraft:killed":{"minecraft:pig":9,"born_in_chaos_v1:baby_skeleton":1,"minecraft:spider":1,"born_in_chaos_v1:thornshell_crab":1,"born_in_chaos_v1:decrepit_skeleton":2,"minecraft:sheep":1,"minecraft:skeleton":16,"minecraft:zombie":5,"born_in_chaos_v1:dread_hound":2,"minecraft:chicken":4,"born_in_chaos_v1:corpse_fish":1,"minecraft:cow":4}},"DataVersion":3465}