{"stats":{"minecraft:used":{"tombstone:lollipop":7,"minecraft:cooked_chicken":4,"minecraft:torch":30,"minecraft:nether_bricks":1,"minecraft:shroomlight":2,"born_in_chaos_v1:corpse_maggot":1,"born_in_chaos_v1:smoked_flesh":4,"minecraft:iron_axe":57,"minecraft:stone_bricks":8,"evilcraft:flesh_humanoid":1,"minecraft:light_gray_wool":5,"minecraft:birch_button":3,"minecraft:golden_sword":32,"minecraft:golden_carrot":15,"minecraft:hay_block":1,"minecraft:furnace":1,"tombstone:gift":4,"minecraft:cooked_beef":6,"minecraft:acacia_planks":177,"minecraft:cooked_mutton":9,"minecraft:birch_planks":22,"minecraft:stone_pickaxe":102,"minecraft:oak_planks":223,"minecraft:wooden_pickaxe":21,"minecraft:cherry_planks":23,"minecraft:diamond_axe":30,"minecraft:cracked_stone_bricks":1,"minecraft:golden_apple":8,"minecraft:crafting_table":7,"quark:acacia_chest":1,"minecraft:white_bed":4,"minecraft:crossbow":16,"tombstone:bag_of_seeds":1,"minecraft:dark_prismarine":109,"sophisticatedbackpacks:backpack":1,"minecraft:diamond_pickaxe":48,"minecraft:apple":3,"born_in_chaos_v1:monster_flesh":1,"minecraft:bread":26,"tombstone:grave_key":1,"minecraft:stone_axe":191,"minecraft:wooden_sword":60,"minecraft:diamond_sword":936,"minecraft:cobblestone":7,"minecraft:potion":2,"minecraft:porkchop":3,"minecraft:cooked_porkchop":3,"minecraft:bucket":1,"minecraft:smooth_stone_slab":1,"minecraft:golden_pickaxe":64,"minecraft:splash_potion":1,"minecraft:experience_bottle":17},"minecraft:picked_up":{"sophisticatedbackpacks:gold_backpack":1,"minecraft:crafting_table":1,"simplehats:hatbag_rare":1,"minecraft:chainmail_boots":1,"minecraft:chicken":4,"born_in_chaos_v1:river_mint":1,"born_in_chaos_v1:seedof_chaos":2,"minecraft:leather_leggings":1,"born_in_chaos_v1:charmof_resistance":1,"minecraft:diamond_sword":2,"minecraft:potion":4,"minecraft:string":21,"minecraft:iron_axe":2,"minecraft:wooden_sword":1,"minecraft:smooth_stone_slab":1,"minecraft:iron_leggings":2,"minecraft:shroomlight":3,"minecraft:cracked_stone_bricks":1,"minecraft:bucket":2,"minecraft:spruce_planks":9,"minecraft:white_tulip":1,"minecraft:light_gray_wool":5,"minecraft:egg":1,"minecraft:phantom_membrane":1,"minecraft:iron_boots":1,"minecraft:golden_helmet":1,"minecraft:raw_iron":2,"minecraft:stick":38,"simplehats:fakeblight":1,"born_in_chaos_v1:shattered_skull":2,"simplehats:hatbag_common":5,"minecraft:torch":6,"sophisticatedbackpacks:backpack":2,"minecraft:porkchop":3,"born_in_chaos_v1:pileof_dark_metal":1,"minecraft:cherry_log":28,"tombstone:grave_dust":13,"born_in_chaos_v1:pieceofdarkmetal":20,"minecraft:carrot":1,"born_in_chaos_v1:charmof_endurance":2,"minecraft:golden_chestplate":1,"minecraft:dark_oak_planks":11,"tombstone:lollipop":9,"minecraft:arrow":7,"minecraft:rotten_flesh":24,"minecraft:peony":1,"minecraft:nether_bricks":1,"minecraft:hay_block":1,"minecraft:cyan_terracotta":8,"minecraft:gold_ingot":72,"minecraft:stripped_birch_wood":5,"minecraft:mutton":13,"minecraft:iron_bars":2,"minecraft:white_wool":8,"minecraft:cobblestone":33,"minecraft:birch_log":1,"born_in_chaos_v1:corpse_maggot":1,"minecraft:feather":6,"minecraft:cooked_beef":6,"born_in_chaos_v1:monster_flesh":1,"minecraft:cherry_planks":44,"born_in_chaos_v1:spiritual_dust":1,"minecraft:leather":5,"minecraft:acacia_wood":11,"minecraft:birch_planks":11,"minecraft:oak_log":60,"born_in_chaos_v1:black_argillite_button":2,"minecraft:gunpowder":6,"minecraft:dirt":3,"minecraft:cut_sandstone_slab":7,"minecraft:paper":1,"simplehats:hatbag_epic":2,"minecraft:bone":36,"minecraft:acacia_planks":112,"minecraft:apple":3,"minecraft:stone_bricks":8,"minecraft:wheat_seeds":2,"born_in_chaos_v1:chipped_black_argillite_brick":1,"minecraft:iron_ingot":41,"minecraft:stone_pickaxe":1,"minecraft:cooked_chicken":1,"tombstone:bag_of_seeds":1,"simplehats:hatbag_uncommon":2,"minecraft:glass_bottle":1,"minecraft:oak_planks":3,"minecraft:cooked_porkchop":3,"born_in_chaos_v1:ethereal_spirit":12,"minecraft:stripped_acacia_wood":62,"minecraft:gravel":1,"born_in_chaos_v1:dark_rod":2,"minecraft:white_bed":3,"minecraft:green_carpet":1,"minecraft:chiseled_sandstone":1,"minecraft:spider_eye":5,"minecraft:dark_prismarine":137,"minecraft:bundle":1,"born_in_chaos_v1:black_argillite_brick_slab":2,"minecraft:iron_hoe":1,"simplehats:the_noisier":1,"minecraft:slime_ball":14,"born_in_chaos_v1:fire_dust":1,"waystones:waystone":1,"minecraft:cherry_sapling":5,"minecraft:gray_wool":4,"minecraft:bread":24,"tombstone:magic_scroll":4,"minecraft:oak_sapling":23,"minecraft:black_wool":1,"minecraft:coal":2},"minecraft:crafted":{"minecraft:cherry_planks":112,"minecraft:wooden_sword":2,"minecraft:oak_planks":240,"minecraft:cooked_chicken":4,"minecraft:furnace":1,"minecraft:cooked_mutton":9,"quark:acacia_chest":3,"minecraft:diamond_helmet":2,"minecraft:stone_pickaxe":1,"minecraft:diamond_boots":1,"minecraft:birch_button":3,"sophisticatedbackpacks:iron_backpack":1,"minecraft:diamond_sword":1,"sophisticatedbackpacks:backpack":1,"minecraft:diamond_axe":1,"minecraft:crafting_table":6,"minecraft:wooden_pickaxe":1,"minecraft:golden_pickaxe":2,"sophisticatedbackpacks:gold_backpack":1,"minecraft:bucket":1,"minecraft:birch_planks":20,"minecraft:stone_axe":3,"minecraft:air":0,"minecraft:diamond_pickaxe":1,"minecraft:charcoal":14,"minecraft:stick":20,"minecraft:light_gray_dye":1,"minecraft:white_bed":2,"minecraft:netherite_ingot":1,"minecraft:acacia_planks":232,"minecraft:torch":24,"minecraft:diamond_chestplate":1},"minecraft:dropped":{"minecraft:iron_ingot":20,"minecraft:glass_bottle":3,"minecraft:diamond_leggings":1,"minecraft:cobblestone":4,"minecraft:feather":3,"born_in_chaos_v1:black_argillite_brick_slab":2,"sophisticatedbackpacks:gold_backpack":1,"minecraft:stick":20,"minecraft:dirt":2,"minecraft:gray_wool":2,"born_in_chaos_v1:river_mint":1,"simplehats:fakeblight":1,"minecraft:cherry_planks":44,"minecraft:netherite_boots":1,"minecraft:potion":1,"minecraft:wooden_sword":1,"minecraft:paper":1,"minecraft:dark_oak_planks":4,"minecraft:string":1,"minecraft:birch_log":1,"minecraft:white_wool":2,"minecraft:bucket":2,"minecraft:acacia_planks":78,"simplehats:dairyqueen":1,"minecraft:chiseled_sandstone":1,"minecraft:gold_ingot":72,"minecraft:bone":12,"minecraft:gravel":1,"simplehats:the_noisier":1,"born_in_chaos_v1:ethereal_spirit":1,"minecraft:cherry_sapling":5,"born_in_chaos_v1:black_argillite_button":2,"minecraft:rotten_flesh":17,"minecraft:oak_planks":3,"sophisticatedbackpacks:backpack":1,"born_in_chaos_v1:spiritual_dust":1,"minecraft:carrot":1,"minecraft:diamond_sword":1,"minecraft:gunpowder":2,"simplehats:hatbag_common":4,"born_in_chaos_v1:chipped_black_argillite_brick":1,"minecraft:spruce_planks":5,"simplehats:hatbag_uncommon":2,"minecraft:beetroot_seeds":3,"minecraft:melon_seeds":1,"minecraft:spider_eye":2,"minecraft:light_gray_dye":1,"minecraft:iron_bars":2,"minecraft:stone_pickaxe":1,"minecraft:wooden_pickaxe":1,"minecraft:dark_prismarine":17,"simplehats:digger":1,"minecraft:black_wool":1,"minecraft:egg":1},"minecraft:broken":{"minecraft:diamond_boots":1,"minecraft:golden_sword":1,"minecraft:wooden_sword":1,"minecraft:stone_axe":1,"minecraft:golden_pickaxe":2,"minecraft:golden_chestplate":1},"minecraft:mined":{"minecraft:dark_oak_planks":7,"minecraft:dark_prismarine":132,"minecraft:cut_sandstone_slab":10,"minecraft:spruce_planks":7,"minecraft:white_bed":2,"minecraft:nether_bricks":1,"minecraft:grass_block":1,"born_in_chaos_v1:black_argillite":1,"minecraft:sandstone":1,"minecraft:spawner":11,"minecraft:magma_block":2,"born_in_chaos_v1:black_argillite_brick_slab":3,"minecraft:iron_ore":3,"minecraft:fire":1,"minecraft:acacia_wood":11,"treechop:chopped_log":9,"minecraft:peony":1,"minecraft:shroomlight":4,"minecraft:iron_bars":2,"minecraft:green_carpet":1,"minecraft:stone":26,"minecraft:white_tulip":1,"sophisticatedbackpacks:backpack":1,"minecraft:cyan_terracotta":17,"minecraft:torch":1,"minecraft:crafting_table":1,"minecraft:tall_grass":1,"minecraft:cobblestone":2,"born_in_chaos_v1:chipped_black_argillite_brick":3,"minecraft:oak_planks":6,"minecraft:wall_torch":4,"minecraft:gray_wool":2,"minecraft:birch_planks":17,"minecraft:light_gray_wool":5,"born_in_chaos_v1:river_mint":1,"born_in_chaos_v1:black_argillite_brick":4,"minecraft:grass":9,"minecraft:oak_log":1,"minecraft:dirt":1,"minecraft:stripped_birch_wood":5,"minecraft:cobweb":9,"minecraft:acacia_planks":21,"minecraft:stripped_acacia_wood":65,"minecraft:stone_bricks":9,"minecraft:oak_leaves":4},"minecraft:custom":{"minecraft:mob_kills":130,"minecraft:interact_with_crafting_table":29,"minecraft:open_barrel":1,"minecraft:damage_dealt_resisted":3219,"minecraft:leave_game":1,"minecraft:time_since_death":98982,"minecraft:damage_resisted":1648,"minecraft:sprint_one_cm":348409,"minecraft:walk_one_cm":252000,"tombstone:eaten_lollipop":7,"minecraft:drop":78,"minecraft:play_time":164404,"minecraft:deaths":7,"minecraft:sneak_time":29324,"minecraft:walk_under_water_one_cm":2763,"minecraft:jump":3111,"minecraft:walk_on_water_one_cm":8611,"minecraft:total_world_time":164404,"minecraft:interact_with_furnace":8,"minecraft:sleep_in_bed":5,"minecraft:time_since_rest":39978,"minecraft:damage_taken":9240,"minecraft:damage_absorbed":400,"minecraft:damage_dealt":42896,"minecraft:swim_one_cm":22694,"minecraft:fly_one_cm":718218,"minecraft:open_chest":42,"minecraft:crouch_one_cm":85444,"tombstone:undead_killed":68,"minecraft:interact_with_smoker":1,"minecraft:fall_one_cm":107029},"minecraft:killed_by":{"minecraft:wither_skeleton":3,"born_in_chaos_v1:corpse_fly":1,"minecraft:hoglin":1},"minecraft:killed":{"born_in_chaos_v1:missioner":1,"minecraft:witch":1,"born_in_chaos_v1:zombie_lumberjack":1,"born_in_chaos_v1:restless_spirit":1,"born_in_chaos_v1:skeleton_demoman":1,"born_in_chaos_v1:pumpkin_spirit":2,"minecraft:spider":8,"minecraft:slime":12,"born_in_chaos_v1:baby_skeleton_minion":3,"minecraft:phantom":1,"minecraft:horse":3,"minecraft:skeleton":5,"minecraft:chicken":4,"born_in_chaos_v1:skeleton_thrasher":1,"born_in_chaos_v1:firelight_not_despawn":2,"born_in_chaos_v1:fallen_chaos_knight":1,"born_in_chaos_v1:bonescaller":1,"minecraft:zombie_villager":5,"born_in_chaos_v1:baby_skeleton":4,"minecraft:hoglin":8,"minecraft:creeper":3,"born_in_chaos_v1:decrepit_skeleton":5,"minecraft:sheep":8,"minecraft:zombie":7,"born_in_chaos_v1:dark_vortex":2,"born_in_chaos_v1:door_knight":1,"minecraft:wither_skeleton":32,"minecraft:enderman":1,"minecraft:cow":3}},"DataVersion":3465}