{"stats":{"minecraft:used":{"minecraft:iron_sword":48,"tombstone:lollipop":13,"quark:cherry_chest":12,"minecraft:nether_bricks":1,"minecraft:carrot":1,"minecraft:honey_bottle":34,"born_in_chaos_v1:corpse_maggot":1,"born_in_chaos_v1:smoked_flesh":32,"minecraft:stone_bricks":8,"minecraft:birch_button":3,"minecraft:golden_sword":32,"minecraft:hay_block":1,"minecraft:furnace":1,"minecraft:diorite":4,"minecraft:stone_pickaxe":102,"minecraft:oak_planks":223,"minecraft:wooden_pickaxe":21,"minecraft:diamond_axe":277,"minecraft:golden_apple":13,"minecraft:crossbow":91,"minecraft:black_bed":4,"waystones:waystone":1,"sophisticatedbackpacks:backpack":1,"born_in_chaos_v1:monster_flesh":1,"minecraft:bread":83,"tombstone:grave_key":2,"minecraft:gravel":6,"minecraft:diamond_sword":1711,"minecraft:wooden_sword":60,"minecraft:andesite":7,"minecraft:smooth_stone_slab":1,"minecraft:golden_pickaxe":64,"minecraft:experience_bottle":25,"born_in_chaos_v1:black_argillite":1,"minecraft:cooked_chicken":4,"minecraft:torch":174,"minecraft:dirt":141,"minecraft:brewing_stand":1,"minecraft:granite":12,"minecraft:shroomlight":2,"minecraft:dark_oak_planks":62,"minecraft:iron_axe":57,"minecraft:totem_of_undying":1,"minecraft:crimson_planks":8,"evilcraft:flesh_humanoid":1,"minecraft:light_gray_wool":5,"minecraft:golden_carrot":27,"tombstone:gift":6,"minecraft:cooked_beef":27,"minecraft:cobbled_deepslate":32,"minecraft:acacia_planks":177,"minecraft:cherry_log":4,"sophisticatedbackpacks:gold_backpack":1,"minecraft:cooked_mutton":14,"minecraft:water_bucket":64,"minecraft:glass_bottle":6,"minecraft:birch_planks":196,"quark:forgotten_hat":1,"minecraft:cherry_planks":113,"minecraft:cracked_stone_bricks":1,"minecraft:crafting_table":7,"quark:acacia_chest":1,"minecraft:white_bed":4,"tombstone:bag_of_seeds":1,"minecraft:dark_prismarine":109,"minecraft:diamond_pickaxe":684,"minecraft:apple":7,"minecraft:diamond_shovel":419,"born_in_chaos_v1:staffofthe_summoner":4,"minecraft:stone_axe":191,"minecraft:porkchop":3,"minecraft:potion":2,"minecraft:cobblestone":271,"minecraft:pumpkin_pie":14,"minecraft:cooked_porkchop":14,"minecraft:bucket":66,"minecraft:splash_potion":1},"minecraft:picked_up":{"quark:diamond_heart":2,"minecraft:wheat":5,"minecraft:chainmail_boots":2,"simplehats:hatbag_rare":5,"minecraft:flower_pot":1,"minecraft:diamond_sword":3,"minecraft:enchanted_book":4,"minecraft:potion":4,"minecraft:golden_sword":1,"minecraft:music_disc_cat":1,"born_in_chaos_v1:black_argillite":9,"minecraft:string":117,"evilcraft:ender_tear":1,"minecraft:raw_copper":38,"minecraft:smooth_stone_slab":1,"minecraft:iron_leggings":2,"born_in_chaos_v1:dark_upgrade":1,"minecraft:netherite_ingot":4,"minecraft:shroomlight":3,"minecraft:cobbled_deepslate":50,"born_in_chaos_v1:dark_metal_ingot":7,"minecraft:bucket":4,"minecraft:spruce_planks":19,"minecraft:white_tulip":1,"minecraft:ender_eye":1,"minecraft:rose_bush":4,"minecraft:calcite":78,"minecraft:iron_pickaxe":1,"minecraft:iron_boots":1,"minecraft:tipped_arrow":1,"minecraft:golden_helmet":1,"minecraft:stick":91,"born_in_chaos_v1:shattered_skull":11,"minecraft:spruce_stairs":2,"quark:cherry_chest":4,"minecraft:torch":20,"minecraft:brick_wall":1,"minecraft:porkchop":14,"born_in_chaos_v1:pileof_dark_metal":3,"minecraft:cherry_log":152,"minecraft:pointed_dripstone":6,"tombstone:grave_dust":52,"minecraft:diorite":4,"minecraft:golden_chestplate":1,"tombstone:lollipop":16,"minecraft:honey_bottle":4,"minecraft:rotten_flesh":76,"minecraft:iron_block":1,"minecraft:cyan_terracotta":8,"minecraft:stripped_birch_wood":5,"minecraft:obsidian":4,"minecraft:iron_bars":4,"minecraft:blaze_powder":6,"minecraft:cobblestone":382,"minecraft:birch_log":51,"born_in_chaos_v1:staffof_magic_arrows":1,"minecraft:pink_petals":322,"minecraft:feather":8,"minecraft:cooked_beef":6,"minecraft:cherry_planks":44,"born_in_chaos_v1:spiritual_dust":21,"minecraft:water_bucket":1,"minecraft:andesite":10,"minecraft:black_bed":4,"minecraft:tuff":4,"born_in_chaos_v1:anluka_doors":1,"born_in_chaos_v1:black_argillite_button":2,"minecraft:lapis_lazuli":100,"minecraft:dirt":415,"minecraft:cut_sandstone_slab":7,"minecraft:name_tag":1,"simplehats:hatbag_epic":4,"born_in_chaos_v1:monster_skin":6,"minecraft:glass":1,"minecraft:bone":126,"minecraft:acacia_planks":112,"minecraft:bow":2,"minecraft:wheat_seeds":9,"minecraft:raw_gold":15,"minecraft:glowstone_dust":1,"simplehats:hatbag_uncommon":5,"minecraft:diamond_helmet":2,"minecraft:oak_planks":3,"minecraft:cooked_porkchop":3,"minecraft:music_disc_13":1,"minecraft:dark_oak_log":75,"minecraft:stripped_acacia_wood":62,"minecraft:sand":19,"minecraft:barrel":3,"quark:glow_lichen_growth":2,"minecraft:grass_block":1,"minecraft:chiseled_sandstone":1,"minecraft:dark_prismarine":137,"minecraft:bundle":5,"minecraft:iron_hoe":2,"minecraft:polished_andesite":2,"born_in_chaos_v1:fire_dust":1,"simplehats:the_noisier":1,"minecraft:diamond":4,"waystones:waystone":2,"minecraft:crossbow":2,"minecraft:granite":17,"minecraft:bone_meal":13,"minecraft:chainmail_helmet":1,"minecraft:emerald":36,"minecraft:bread":25,"born_in_chaos_v1:rotten_fish":1,"minecraft:oak_sapling":23,"minecraft:bricks":1,"sophisticatedbackpacks:gold_backpack":2,"minecraft:crafting_table":1,"born_in_chaos_v1:diamond_termite_shard":1,"minecraft:azure_bluet":1,"minecraft:chicken":5,"minecraft:nether_wart":18,"born_in_chaos_v1:river_mint":1,"born_in_chaos_v1:seedof_chaos":10,"minecraft:leather_leggings":1,"born_in_chaos_v1:charmof_resistance":1,"minecraft:stripped_cherry_log":4,"born_in_chaos_v1:fired_black_argillite":8,"minecraft:iron_axe":5,"minecraft:flint_and_steel":1,"minecraft:wooden_sword":1,"evilcraft:poison_sac":2,"minecraft:netherite_scrap":3,"minecraft:cracked_stone_bricks":1,"minecraft:music_disc_otherside":1,"minecraft:beef":21,"minecraft:iron_nugget":1,"minecraft:light_gray_wool":9,"minecraft:birch_sapling":20,"minecraft:phantom_membrane":2,"minecraft:egg":2,"minecraft:dark_oak_sapling":12,"minecraft:stripped_crimson_hyphae":2,"minecraft:raw_iron":43,"simplehats:fakeblight":1,"simplehats:hatbag_common":16,"sophisticatedbackpacks:backpack":2,"born_in_chaos_v1:pieceofdarkmetal":74,"minecraft:carrot":2,"born_in_chaos_v1:charmof_endurance":2,"minecraft:redstone":184,"minecraft:purple_terracotta":2,"minecraft:dark_oak_planks":15,"minecraft:arrow":64,"minecraft:beetroot_seeds":2,"minecraft:peony":1,"minecraft:nether_bricks":1,"minecraft:hay_block":1,"minecraft:totem_of_undying":3,"born_in_chaos_v1:spiny_shell":3,"sophisticatedbackpacks:copper_backpack":1,"minecraft:saddle":3,"minecraft:gold_ingot":186,"minecraft:mutton":13,"minecraft:skeleton_skull":2,"minecraft:rail":1,"minecraft:white_wool":8,"born_in_chaos_v1:corpse_maggot":11,"born_in_chaos_v1:monster_flesh":7,"minecraft:leather":20,"minecraft:red_glazed_terracotta":2,"minecraft:acacia_wood":11,"artifacts:anglers_hat":1,"minecraft:birch_planks":11,"quark:smithing_template_rune":1,"minecraft:oak_log":60,"minecraft:chainmail_chestplate":1,"minecraft:gunpowder":56,"minecraft:paper":1,"tombstone:gift":2,"quark:forgotten_hat":1,"minecraft:cooked_mutton":4,"sophisticatedbackpacks:upgrade_base":1,"minecraft:apple":8,"minecraft:stone_bricks":8,"minecraft:wild_armor_trim_smithing_template":2,"minecraft:iron_ingot":119,"minecraft:music_disc_far":2,"born_in_chaos_v1:chipped_black_argillite_brick":1,"minecraft:stone_pickaxe":1,"minecraft:cooked_chicken":1,"tombstone:bag_of_seeds":7,"minecraft:glass_bottle":1,"minecraft:iron_sword":1,"minecraft:book":25,"born_in_chaos_v1:orbofthe_summoner":1,"born_in_chaos_v1:ethereal_spirit":22,"minecraft:dripstone_block":5,"minecraft:gravel":6,"born_in_chaos_v1:dark_rod":3,"minecraft:amethyst_shard":9,"minecraft:white_bed":3,"minecraft:spruce_log":3,"minecraft:green_carpet":1,"minecraft:spider_eye":9,"minecraft:diamond_axe":3,"minecraft:diamond_shovel":1,"minecraft:chainmail_leggings":1,"minecraft:slime_ball":29,"born_in_chaos_v1:black_argillite_brick_slab":2,"tombstone:scroll_of_knowledge":1,"evilcraft:dark_gem":44,"minecraft:cherry_sapling":74,"minecraft:gray_wool":4,"minecraft:terracotta":10,"tombstone:magic_scroll":12,"minecraft:black_wool":2,"minecraft:coal":49},"minecraft:crafted":{"minecraft:oak_planks":240,"minecraft:cherry_wood":3,"minecraft:cooked_chicken":4,"sophisticatedbackpacks:crafting_upgrade":1,"quark:cherry_chest":7,"minecraft:cooked_mutton":15,"sophisticatedbackpacks:smelting_upgrade":1,"minecraft:diamond_helmet":2,"minecraft:birch_button":3,"born_in_chaos_v1:pileof_dark_metal":5,"sophisticatedbackpacks:backpack":1,"minecraft:diamond_axe":1,"minecraft:crafting_table":7,"minecraft:wooden_pickaxe":1,"minecraft:golden_pickaxe":2,"minecraft:birch_planks":196,"sophisticatedbackpacks:upgrade_base":3,"minecraft:charcoal":14,"minecraft:diamond_pickaxe":1,"born_in_chaos_v1:spiritual_dust":18,"minecraft:stripped_cherry_wood":3,"minecraft:stick":36,"born_in_chaos_v1:smoked_flesh":5,"minecraft:iron_ingot":9,"minecraft:light_gray_dye":1,"minecraft:netherite_ingot":1,"minecraft:cherry_planks":296,"minecraft:wooden_sword":2,"minecraft:furnace":2,"quark:acacia_chest":3,"born_in_chaos_v1:bone_handle":1,"minecraft:stone_pickaxe":1,"minecraft:diamond_boots":1,"minecraft:dark_oak_planks":300,"sophisticatedbackpacks:iron_backpack":1,"minecraft:crimson_planks":8,"minecraft:diamond_sword":1,"sophisticatedbackpacks:gold_backpack":1,"minecraft:bucket":1,"minecraft:stone_axe":3,"minecraft:air":0,"minecraft:white_bed":2,"minecraft:acacia_planks":232,"minecraft:torch":148,"minecraft:diamond_chestplate":1},"minecraft:dropped":{"sophisticatedbackpacks:upgrade_base":2,"minecraft:iron_sword":1,"minecraft:lapis_lazuli":50,"minecraft:glass_bottle":5,"minecraft:diamond":4,"minecraft:dark_oak_sapling":12,"minecraft:crossbow":1,"minecraft:leather":1,"minecraft:saddle":3,"born_in_chaos_v1:pieceofdarkmetal":51,"born_in_chaos_v1:pileof_dark_metal":2,"artifacts:anglers_hat":1,"sophisticatedbackpacks:gold_backpack":1,"minecraft:emerald":18,"born_in_chaos_v1:monster_flesh":6,"minecraft:dirt":15,"tombstone:bag_of_seeds":5,"minecraft:netherite_scrap":3,"born_in_chaos_v1:monster_skin":6,"minecraft:netherite_boots":1,"minecraft:wooden_sword":1,"minecraft:amethyst_shard":9,"minecraft:bone_meal":13,"minecraft:phantom_membrane":1,"born_in_chaos_v1:fired_black_argillite":8,"minecraft:dark_oak_planks":8,"minecraft:birch_log":1,"minecraft:white_wool":2,"minecraft:gold_ingot":186,"minecraft:bone":60,"minecraft:red_glazed_terracotta":2,"minecraft:gravel":1,"simplehats:hatbag_rare":5,"minecraft:iron_nugget":3,"simplehats:the_noisier":1,"minecraft:cobbled_deepslate":11,"minecraft:birch_sapling":17,"minecraft:wheat":4,"minecraft:obsidian":4,"tombstone:gift":2,"born_in_chaos_v1:ethereal_spirit":8,"minecraft:cherry_sapling":44,"minecraft:rotten_flesh":54,"minecraft:oak_planks":3,"minecraft:diamond_shovel":1,"minecraft:blaze_powder":6,"minecraft:music_disc_far":1,"minecraft:cooked_mutton":9,"minecraft:azure_bluet":1,"evilcraft:poison_sac":2,"evilcraft:flesh_humanoid":4,"born_in_chaos_v1:dark_upgrade":1,"minecraft:carrot":1,"minecraft:tipped_arrow":1,"born_in_chaos_v1:seedof_chaos":5,"minecraft:gunpowder":39,"minecraft:charcoal":3,"born_in_chaos_v1:chipped_black_argillite_brick":1,"minecraft:skeleton_skull":2,"simplehats:hatbag_uncommon":5,"minecraft:beetroot_seeds":3,"minecraft:melon_seeds":1,"born_in_chaos_v1:corpse_maggot":10,"minecraft:chest":1,"minecraft:chainmail_boots":1,"tombstone:scroll_of_knowledge":1,"minecraft:iron_bars":2,"minecraft:arrow":7,"minecraft:glass":2,"minecraft:quartz":13,"simplehats:digger":1,"simplehats:hatbag_epic":2,"minecraft:egg":2,"minecraft:enchanted_book":2,"minecraft:water_bucket":1,"minecraft:iron_ingot":84,"born_in_chaos_v1:shattered_skull":6,"minecraft:wheat_seeds":5,"minecraft:golden_helmet":1,"minecraft:cherry_log":76,"minecraft:dripstone_block":5,"minecraft:diamond_leggings":1,"minecraft:iron_helmet":1,"minecraft:book":11,"minecraft:cobblestone":77,"minecraft:feather":5,"minecraft:apple":4,"minecraft:granite":5,"evilcraft:dark_gem":9,"born_in_chaos_v1:black_argillite_brick_slab":2,"born_in_chaos_v1:charmof_endurance":1,"minecraft:spruce_stairs":2,"minecraft:coal":14,"minecraft:stick":26,"quark:glow_lichen_growth":1,"born_in_chaos_v1:anluka_doors":1,"minecraft:gray_wool":2,"born_in_chaos_v1:river_mint":1,"simplehats:fakeblight":1,"tombstone:magic_scroll":5,"minecraft:rose_bush":1,"minecraft:cherry_planks":115,"minecraft:diamond_helmet":2,"tombstone:grave_dust":15,"minecraft:potion":1,"minecraft:iron_axe":1,"born_in_chaos_v1:staffof_magic_arrows":1,"minecraft:paper":1,"minecraft:string":54,"minecraft:pink_petals":7,"minecraft:bucket":2,"minecraft:acacia_planks":78,"simplehats:dairyqueen":1,"minecraft:chiseled_sandstone":1,"minecraft:redstone":94,"minecraft:bricks":1,"minecraft:brick_wall":1,"minecraft:netherite_ingot":4,"minecraft:nether_wart":18,"minecraft:wild_armor_trim_smithing_template":2,"minecraft:tuff":2,"born_in_chaos_v1:rotten_fish":1,"born_in_chaos_v1:black_argillite_button":2,"minecraft:light_gray_wool":4,"minecraft:iron_hoe":1,"sophisticatedbackpacks:backpack":1,"minecraft:name_tag":1,"born_in_chaos_v1:spiritual_dust":20,"minecraft:flint_and_steel":1,"minecraft:diamond_sword":2,"minecraft:flower_pot":1,"simplehats:hatbag_common":15,"minecraft:spruce_planks":8,"minecraft:bundle":1,"evilcraft:ender_tear":1,"minecraft:andesite":3,"minecraft:golden_sword":1,"minecraft:spider_eye":5,"minecraft:light_gray_dye":1,"minecraft:slime_ball":14,"minecraft:bow":2,"minecraft:stone_pickaxe":1,"minecraft:wooden_pickaxe":1,"waystones:waystone":1,"minecraft:calcite":39,"minecraft:dark_prismarine":17,"minecraft:black_wool":2,"quark:diamond_heart":1,"minecraft:terracotta":10},"minecraft:broken":{"minecraft:diamond_boots":2,"minecraft:golden_sword":1,"minecraft:wooden_sword":1,"minecraft:stone_axe":1,"quark:forgotten_hat":1,"minecraft:diamond_sword":1,"minecraft:golden_chestplate":1,"minecraft:diamond_chestplate":1,"minecraft:diamond_leggings":1,"minecraft:golden_pickaxe":2},"minecraft:mined":{"minecraft:dark_oak_planks":7,"minecraft:cut_sandstone_slab":10,"minecraft:spruce_planks":7,"minecraft:white_bed":2,"quark:cherry_chest":4,"sophisticatedbackpacks:gold_backpack":1,"minecraft:granite":20,"minecraft:stripped_crimson_hyphae":2,"minecraft:grass_block":304,"quark:white_corundum":1,"quark:glow_lichen_growth":1,"minecraft:spawner":40,"minecraft:magma_block":2,"minecraft:barrel":3,"minecraft:iron_ore":10,"born_in_chaos_v1:black_argillite_brick_slab":3,"minecraft:fire":10,"minecraft:deepslate_lapis_ore":6,"minecraft:pointed_dripstone":5,"minecraft:iron_bars":4,"minecraft:green_carpet":1,"minecraft:iron_block":2,"minecraft:deepslate_redstone_ore":16,"minecraft:cyan_terracotta":17,"minecraft:torch":8,"quark:white_corundum_cluster":2,"minecraft:calcite":40,"minecraft:chest":2,"minecraft:cobblestone":17,"minecraft:oak_planks":6,"minecraft:wall_torch":5,"minecraft:pink_petals":37,"evilcraft:dark_ore_deepslate":2,"minecraft:light_gray_wool":12,"born_in_chaos_v1:river_mint":1,"minecraft:black_bed":4,"born_in_chaos_v1:black_argillite_brick":4,"minecraft:grass":32,"minecraft:oak_log":1,"minecraft:sand":19,"minecraft:dirt":104,"minecraft:stripped_birch_wood":5,"minecraft:oak_leaves":7,"minecraft:deepslate":43,"minecraft:dark_prismarine":132,"minecraft:tuff":2,"minecraft:dark_oak_log":2,"minecraft:stripped_cherry_log":4,"born_in_chaos_v1:infected_diamond_ore":1,"minecraft:purple_terracotta":2,"minecraft:nether_bricks":1,"born_in_chaos_v1:black_argillite":10,"minecraft:sandstone":1,"minecraft:dead_horn_coral_wall_fan":1,"minecraft:redstone_ore":3,"minecraft:acacia_wood":11,"minecraft:andesite":11,"treechop:chopped_log":28,"minecraft:peony":1,"minecraft:shroomlight":4,"minecraft:deepslate_iron_ore":34,"minecraft:rail":1,"minecraft:white_wool":1,"minecraft:white_tulip":2,"minecraft:stone":296,"sophisticatedbackpacks:backpack":1,"minecraft:brick_wall":1,"minecraft:crafting_table":1,"minecraft:rose_bush":1,"minecraft:copper_ore":11,"minecraft:tall_grass":2,"born_in_chaos_v1:chipped_black_argillite_brick":3,"minecraft:red_glazed_terracotta":2,"minecraft:deepslate_gold_ore":12,"minecraft:diorite":4,"minecraft:gray_wool":2,"minecraft:birch_planks":17,"minecraft:birch_leaves":6,"minecraft:black_wool":4,"minecraft:potted_azure_bluet":1,"minecraft:coal_ore":33,"minecraft:gravel":6,"minecraft:dripstone_block":5,"minecraft:cobweb":47,"minecraft:terracotta":7,"minecraft:acacia_planks":21,"minecraft:polished_andesite":2,"minecraft:stripped_acacia_wood":65,"minecraft:stone_bricks":9,"minecraft:gold_ore":3},"minecraft:custom":{"minecraft:interact_with_crafting_table":45,"minecraft:open_barrel":42,"minecraft:leave_game":3,"minecraft:time_since_death":62302,"minecraft:damage_resisted":2295,"minecraft:sprint_one_cm":1107970,"tombstone:eaten_lollipop":13,"minecraft:drop":284,"minecraft:play_time":467046,"minecraft:deaths":16,"minecraft:jump":7058,"minecraft:interact_with_brewingstand":2,"minecraft:walk_on_water_one_cm":45192,"minecraft:interact_with_furnace":11,"minecraft:sleep_in_bed":13,"minecraft:waystone_activated":1,"minecraft:damage_dealt":84199,"minecraft:crouch_one_cm":132293,"tombstone:undead_killed":178,"minecraft:interact_with_smoker":3,"minecraft:mob_kills":321,"minecraft:damage_dealt_resisted":11118,"minecraft:climb_one_cm":21535,"minecraft:walk_one_cm":775753,"minecraft:damage_dealt_absorbed":80,"minecraft:sneak_time":40976,"minecraft:walk_under_water_one_cm":13926,"minecraft:interact_with_blast_furnace":5,"minecraft:total_world_time":467046,"minecraft:time_since_rest":62128,"minecraft:damage_taken":22371,"minecraft:damage_absorbed":602,"minecraft:swim_one_cm":75690,"minecraft:fly_one_cm":1398335,"minecraft:open_chest":170,"minecraft:fall_one_cm":236967},"minecraft:killed_by":{"minecraft:wither_skeleton":3,"minecraft:creeper":1,"born_in_chaos_v1:corpse_fly":1,"born_in_chaos_v1:diamond_termite":1,"minecraft:enderman":1,"minecraft:hoglin":1,"minecraft:skeleton":2},"minecraft:killed":{"minecraft:cave_spider":10,"minecraft:witch":2,"born_in_chaos_v1:zombie_lumberjack":2,"born_in_chaos_v1:restless_spirit":2,"born_in_chaos_v1:skeleton_demoman":1,"born_in_chaos_v1:door_knight_not_despawn":2,"born_in_chaos_v1:pumpkin_spirit":2,"minecraft:spider":14,"born_in_chaos_v1:baby_skeleton_minion":8,"quark:forgotten":1,"minecraft:skeleton":34,"quark:shiba":1,"minecraft:chicken":5,"born_in_chaos_v1:skeleton_thrasher":1,"born_in_chaos_v1:supreme_bonescaller_stage_2":1,"born_in_chaos_v1:firelight_not_despawn":2,"born_in_chaos_v1:bonescaller":2,"minecraft:pig":6,"quark:stoneling":1,"born_in_chaos_v1:diamond_termite":1,"minecraft:zombie_villager":5,"minecraft:creeper":3,"minecraft:sheep":8,"minecraft:zombie":35,"born_in_chaos_v1:corpse_fly":11,"minecraft:stray":2,"born_in_chaos_v1:door_knight":3,"minecraft:cow":12,"minecraft:evoker":3,"born_in_chaos_v1:missioner":1,"minecraft:vindicator":4,"born_in_chaos_v1:skeleton_thrasher_not_despawn":1,"minecraft:slime":12,"born_in_chaos_v1:thornshell_crab":1,"born_in_chaos_v1:zombie_bruiser":1,"born_in_chaos_v1:maggot":10,"minecraft:phantom":1,"minecraft:horse":3,"born_in_chaos_v1:corpse_fish":5,"born_in_chaos_v1:spiritof_chaos":1,"born_in_chaos_v1:fallen_chaos_knight":1,"born_in_chaos_v1:bone_imp_minion":20,"born_in_chaos_v1:baby_skeleton":7,"born_in_chaos_v1:swarmer":1,"minecraft:hoglin":8,"born_in_chaos_v1:decrepit_skeleton":15,"evilcraft:poisonous_libelle":2,"born_in_chaos_v1:bonescaller_not_despawn":2,"born_in_chaos_v1:dark_vortex":2,"minecraft:wither_skeleton":32,"minecraft:enderman":4}},"DataVersion":3465}