{"stats":{"minecraft:used":{"tombstone:lollipop":11,"quark:cherry_chest":6,"minecraft:nether_bricks":1,"minecraft:carrot":1,"born_in_chaos_v1:corpse_maggot":1,"born_in_chaos_v1:smoked_flesh":32,"minecraft:stone_bricks":8,"minecraft:birch_button":3,"minecraft:golden_sword":32,"minecraft:hay_block":1,"minecraft:furnace":1,"minecraft:stone_pickaxe":102,"minecraft:oak_planks":223,"minecraft:wooden_pickaxe":21,"minecraft:diamond_axe":133,"minecraft:golden_apple":10,"minecraft:crossbow":20,"minecraft:black_bed":4,"waystones:waystone":1,"sophisticatedbackpacks:backpack":1,"born_in_chaos_v1:monster_flesh":1,"minecraft:bread":30,"tombstone:grave_key":1,"minecraft:diamond_sword":1292,"minecraft:wooden_sword":60,"minecraft:smooth_stone_slab":1,"minecraft:golden_pickaxe":64,"minecraft:experience_bottle":17,"minecraft:cooked_chicken":4,"minecraft:torch":165,"minecraft:brewing_stand":1,"minecraft:dirt":61,"minecraft:shroomlight":2,"minecraft:iron_axe":57,"evilcraft:flesh_humanoid":1,"minecraft:light_gray_wool":5,"minecraft:golden_carrot":17,"tombstone:gift":6,"minecraft:cooked_beef":6,"minecraft:acacia_planks":177,"minecraft:cherry_log":4,"minecraft:cooked_mutton":14,"minecraft:water_bucket":14,"minecraft:birch_planks":22,"quark:forgotten_hat":1,"minecraft:cherry_planks":113,"minecraft:cracked_stone_bricks":1,"minecraft:crafting_table":7,"quark:acacia_chest":1,"minecraft:white_bed":4,"tombstone:bag_of_seeds":1,"minecraft:dark_prismarine":109,"minecraft:diamond_pickaxe":333,"minecraft:apple":7,"minecraft:diamond_shovel":419,"born_in_chaos_v1:staffofthe_summoner":1,"minecraft:stone_axe":191,"minecraft:potion":2,"minecraft:cobblestone":7,"minecraft:cooked_porkchop":3,"minecraft:porkchop":3,"minecraft:bucket":16,"minecraft:pumpkin_pie":14,"minecraft:splash_potion":1},"minecraft:picked_up":{"quark:diamond_heart":1,"minecraft:chainmail_boots":2,"simplehats:hatbag_rare":2,"minecraft:diamond_sword":3,"minecraft:enchanted_book":2,"minecraft:potion":4,"minecraft:golden_sword":1,"born_in_chaos_v1:black_argillite":8,"minecraft:string":77,"evilcraft:ender_tear":1,"minecraft:smooth_stone_slab":1,"born_in_chaos_v1:dark_upgrade":1,"minecraft:iron_leggings":2,"minecraft:netherite_ingot":4,"minecraft:shroomlight":3,"minecraft:cobbled_deepslate":10,"born_in_chaos_v1:dark_metal_ingot":7,"minecraft:bucket":3,"minecraft:spruce_planks":9,"minecraft:white_tulip":1,"minecraft:calcite":39,"minecraft:iron_pickaxe":1,"minecraft:iron_boots":1,"minecraft:golden_helmet":1,"minecraft:tipped_arrow":1,"minecraft:stick":76,"born_in_chaos_v1:shattered_skull":9,"minecraft:torch":17,"born_in_chaos_v1:pileof_dark_metal":3,"minecraft:porkchop":3,"minecraft:cherry_log":152,"minecraft:pointed_dripstone":6,"tombstone:grave_dust":33,"minecraft:golden_chestplate":1,"tombstone:lollipop":13,"minecraft:rotten_flesh":49,"minecraft:iron_block":1,"minecraft:cyan_terracotta":8,"minecraft:stripped_birch_wood":5,"minecraft:obsidian":4,"minecraft:iron_bars":2,"minecraft:blaze_powder":6,"minecraft:cobblestone":114,"minecraft:birch_log":7,"born_in_chaos_v1:staffof_magic_arrows":1,"minecraft:pink_petals":287,"minecraft:feather":6,"minecraft:cooked_beef":6,"minecraft:cherry_planks":44,"born_in_chaos_v1:spiritual_dust":3,"minecraft:water_bucket":1,"minecraft:black_bed":4,"minecraft:tuff":2,"born_in_chaos_v1:anluka_doors":1,"born_in_chaos_v1:black_argillite_button":2,"minecraft:lapis_lazuli":50,"minecraft:cut_sandstone_slab":7,"minecraft:dirt":378,"simplehats:hatbag_epic":2,"born_in_chaos_v1:monster_skin":6,"minecraft:bone":99,"minecraft:acacia_planks":112,"minecraft:bow":2,"minecraft:wheat_seeds":5,"minecraft:raw_gold":15,"minecraft:diamond_helmet":1,"simplehats:hatbag_uncommon":3,"minecraft:oak_planks":3,"minecraft:cooked_porkchop":3,"minecraft:stripped_acacia_wood":62,"quark:glow_lichen_growth":1,"minecraft:grass_block":1,"minecraft:chiseled_sandstone":1,"minecraft:dark_prismarine":137,"minecraft:bundle":2,"minecraft:iron_hoe":2,"born_in_chaos_v1:fire_dust":1,"simplehats:the_noisier":1,"minecraft:diamond":4,"waystones:waystone":2,"minecraft:bone_meal":12,"minecraft:emerald":18,"minecraft:bread":24,"minecraft:oak_sapling":23,"sophisticatedbackpacks:gold_backpack":1,"minecraft:crafting_table":1,"minecraft:nether_wart":18,"minecraft:chicken":4,"born_in_chaos_v1:river_mint":1,"born_in_chaos_v1:seedof_chaos":10,"minecraft:leather_leggings":1,"born_in_chaos_v1:charmof_resistance":1,"minecraft:stripped_cherry_log":4,"minecraft:flint_and_steel":1,"minecraft:iron_axe":4,"minecraft:wooden_sword":1,"minecraft:netherite_scrap":3,"minecraft:cracked_stone_bricks":1,"minecraft:iron_nugget":1,"minecraft:light_gray_wool":5,"minecraft:birch_sapling":3,"minecraft:phantom_membrane":2,"minecraft:egg":1,"minecraft:raw_iron":40,"simplehats:fakeblight":1,"simplehats:hatbag_common":9,"sophisticatedbackpacks:backpack":2,"minecraft:redstone":99,"born_in_chaos_v1:pieceofdarkmetal":72,"minecraft:carrot":2,"born_in_chaos_v1:charmof_endurance":2,"minecraft:dark_oak_planks":11,"minecraft:arrow":28,"minecraft:peony":1,"minecraft:nether_bricks":1,"minecraft:hay_block":1,"minecraft:saddle":3,"minecraft:gold_ingot":171,"minecraft:mutton":13,"minecraft:white_wool":8,"born_in_chaos_v1:corpse_maggot":4,"born_in_chaos_v1:monster_flesh":7,"minecraft:leather":6,"minecraft:acacia_wood":11,"minecraft:birch_planks":11,"minecraft:oak_log":60,"minecraft:chainmail_chestplate":1,"minecraft:gunpowder":32,"minecraft:paper":1,"tombstone:gift":2,"quark:forgotten_hat":1,"minecraft:cooked_mutton":4,"sophisticatedbackpacks:upgrade_base":1,"minecraft:apple":7,"minecraft:stone_bricks":8,"minecraft:wild_armor_trim_smithing_template":2,"minecraft:music_disc_far":1,"minecraft:cooked_chicken":1,"minecraft:iron_ingot":68,"minecraft:stone_pickaxe":1,"born_in_chaos_v1:chipped_black_argillite_brick":1,"tombstone:bag_of_seeds":6,"minecraft:glass_bottle":1,"minecraft:iron_sword":1,"minecraft:book":11,"born_in_chaos_v1:orbofthe_summoner":1,"born_in_chaos_v1:ethereal_spirit":20,"minecraft:dripstone_block":5,"minecraft:gravel":1,"born_in_chaos_v1:dark_rod":2,"minecraft:white_bed":3,"minecraft:green_carpet":1,"minecraft:spider_eye":6,"minecraft:diamond_shovel":1,"minecraft:slime_ball":28,"born_in_chaos_v1:black_argillite_brick_slab":2,"tombstone:scroll_of_knowledge":1,"evilcraft:dark_gem":35,"minecraft:gray_wool":4,"minecraft:cherry_sapling":74,"tombstone:magic_scroll":11,"minecraft:black_wool":1,"minecraft:coal":41},"minecraft:crafted":{"minecraft:oak_planks":240,"minecraft:cherry_wood":3,"minecraft:cooked_chicken":4,"sophisticatedbackpacks:crafting_upgrade":1,"quark:cherry_chest":5,"minecraft:cooked_mutton":15,"sophisticatedbackpacks:smelting_upgrade":1,"minecraft:diamond_helmet":2,"minecraft:birch_button":3,"born_in_chaos_v1:pileof_dark_metal":5,"sophisticatedbackpacks:backpack":1,"minecraft:diamond_axe":1,"minecraft:crafting_table":7,"minecraft:wooden_pickaxe":1,"minecraft:golden_pickaxe":2,"minecraft:birch_planks":20,"sophisticatedbackpacks:upgrade_base":3,"minecraft:charcoal":14,"minecraft:diamond_pickaxe":1,"born_in_chaos_v1:spiritual_dust":18,"minecraft:stripped_cherry_wood":3,"minecraft:stick":32,"born_in_chaos_v1:smoked_flesh":5,"minecraft:iron_ingot":9,"minecraft:light_gray_dye":1,"minecraft:netherite_ingot":1,"minecraft:cherry_planks":296,"minecraft:wooden_sword":2,"minecraft:furnace":2,"quark:acacia_chest":3,"born_in_chaos_v1:bone_handle":1,"minecraft:stone_pickaxe":1,"minecraft:diamond_boots":1,"sophisticatedbackpacks:iron_backpack":1,"minecraft:diamond_sword":1,"sophisticatedbackpacks:gold_backpack":1,"minecraft:bucket":1,"minecraft:stone_axe":3,"minecraft:air":0,"minecraft:white_bed":2,"minecraft:acacia_planks":232,"minecraft:torch":148,"minecraft:diamond_chestplate":1},"minecraft:dropped":{"sophisticatedbackpacks:upgrade_base":2,"minecraft:iron_sword":1,"minecraft:glass_bottle":3,"minecraft:diamond":4,"minecraft:leather":1,"born_in_chaos_v1:pieceofdarkmetal":51,"minecraft:saddle":3,"born_in_chaos_v1:pileof_dark_metal":2,"minecraft:emerald":18,"sophisticatedbackpacks:gold_backpack":1,"born_in_chaos_v1:monster_flesh":6,"minecraft:dirt":2,"tombstone:bag_of_seeds":4,"minecraft:netherite_scrap":3,"born_in_chaos_v1:monster_skin":6,"minecraft:netherite_boots":1,"minecraft:wooden_sword":1,"minecraft:bone_meal":12,"minecraft:phantom_membrane":1,"minecraft:dark_oak_planks":4,"minecraft:birch_log":1,"minecraft:white_wool":2,"minecraft:gold_ingot":171,"minecraft:bone":54,"minecraft:gravel":1,"simplehats:hatbag_rare":2,"minecraft:iron_nugget":1,"simplehats:the_noisier":1,"minecraft:cobbled_deepslate":3,"minecraft:obsidian":4,"tombstone:gift":2,"born_in_chaos_v1:ethereal_spirit":8,"minecraft:cherry_sapling":44,"minecraft:rotten_flesh":37,"minecraft:oak_planks":3,"minecraft:diamond_shovel":1,"minecraft:blaze_powder":6,"minecraft:cooked_mutton":9,"born_in_chaos_v1:dark_upgrade":1,"minecraft:carrot":1,"minecraft:tipped_arrow":1,"born_in_chaos_v1:seedof_chaos":5,"minecraft:gunpowder":28,"born_in_chaos_v1:chipped_black_argillite_brick":1,"simplehats:hatbag_uncommon":3,"minecraft:beetroot_seeds":3,"minecraft:melon_seeds":1,"born_in_chaos_v1:corpse_maggot":3,"minecraft:chainmail_boots":1,"tombstone:scroll_of_knowledge":1,"minecraft:iron_bars":2,"minecraft:arrow":7,"simplehats:digger":1,"minecraft:egg":1,"minecraft:water_bucket":1,"minecraft:enchanted_book":2,"minecraft:iron_ingot":46,"born_in_chaos_v1:shattered_skull":6,"minecraft:wheat_seeds":1,"minecraft:golden_helmet":1,"minecraft:cherry_log":76,"minecraft:diamond_leggings":1,"minecraft:feather":3,"minecraft:cobblestone":10,"minecraft:book":11,"minecraft:apple":4,"born_in_chaos_v1:black_argillite_brick_slab":2,"born_in_chaos_v1:charmof_endurance":1,"minecraft:coal":6,"minecraft:stick":20,"born_in_chaos_v1:anluka_doors":1,"minecraft:gray_wool":2,"born_in_chaos_v1:river_mint":1,"simplehats:fakeblight":1,"tombstone:magic_scroll":5,"minecraft:cherry_planks":115,"minecraft:diamond_helmet":1,"tombstone:grave_dust":15,"minecraft:potion":1,"minecraft:iron_axe":1,"born_in_chaos_v1:staffof_magic_arrows":1,"minecraft:paper":1,"minecraft:string":15,"minecraft:pink_petals":4,"minecraft:bucket":2,"minecraft:acacia_planks":78,"simplehats:dairyqueen":1,"minecraft:chiseled_sandstone":1,"minecraft:redstone":32,"minecraft:netherite_ingot":4,"minecraft:nether_wart":18,"minecraft:wild_armor_trim_smithing_template":2,"born_in_chaos_v1:black_argillite_button":2,"minecraft:iron_hoe":1,"sophisticatedbackpacks:backpack":1,"born_in_chaos_v1:spiritual_dust":2,"minecraft:flint_and_steel":1,"minecraft:diamond_sword":2,"simplehats:hatbag_common":8,"minecraft:bundle":1,"minecraft:spruce_planks":5,"evilcraft:ender_tear":1,"minecraft:golden_sword":1,"minecraft:spider_eye":3,"minecraft:light_gray_dye":1,"minecraft:slime_ball":14,"minecraft:bow":2,"minecraft:stone_pickaxe":1,"minecraft:wooden_pickaxe":1,"waystones:waystone":1,"minecraft:dark_prismarine":17,"minecraft:black_wool":1},"minecraft:broken":{"minecraft:diamond_boots":1,"minecraft:golden_sword":1,"minecraft:wooden_sword":1,"minecraft:stone_axe":1,"minecraft:golden_chestplate":1,"minecraft:diamond_chestplate":1,"minecraft:golden_pickaxe":2},"minecraft:mined":{"minecraft:dark_oak_planks":7,"minecraft:cut_sandstone_slab":10,"minecraft:spruce_planks":7,"minecraft:white_bed":2,"minecraft:granite":3,"minecraft:grass_block":300,"quark:white_corundum":1,"quark:glow_lichen_growth":1,"minecraft:spawner":23,"minecraft:magma_block":2,"minecraft:iron_ore":9,"born_in_chaos_v1:black_argillite_brick_slab":3,"minecraft:fire":1,"minecraft:deepslate_lapis_ore":6,"minecraft:pointed_dripstone":5,"minecraft:iron_bars":2,"minecraft:green_carpet":1,"minecraft:iron_block":2,"minecraft:deepslate_redstone_ore":12,"minecraft:cyan_terracotta":17,"minecraft:torch":8,"quark:white_corundum_cluster":2,"minecraft:calcite":40,"minecraft:cobblestone":2,"minecraft:oak_planks":6,"minecraft:wall_torch":4,"minecraft:pink_petals":32,"evilcraft:dark_ore_deepslate":2,"born_in_chaos_v1:river_mint":1,"minecraft:light_gray_wool":5,"minecraft:black_bed":4,"born_in_chaos_v1:black_argillite_brick":4,"minecraft:grass":23,"minecraft:oak_log":1,"minecraft:dirt":85,"minecraft:stripped_birch_wood":5,"minecraft:oak_leaves":7,"minecraft:deepslate":10,"minecraft:dark_prismarine":132,"minecraft:tuff":2,"minecraft:stripped_cherry_log":4,"minecraft:nether_bricks":1,"born_in_chaos_v1:black_argillite":9,"minecraft:sandstone":1,"minecraft:dead_horn_coral_wall_fan":1,"minecraft:redstone_ore":2,"minecraft:acacia_wood":11,"minecraft:andesite":1,"treechop:chopped_log":18,"minecraft:peony":1,"minecraft:deepslate_iron_ore":32,"minecraft:shroomlight":4,"minecraft:white_tulip":2,"minecraft:stone":111,"sophisticatedbackpacks:backpack":1,"minecraft:crafting_table":1,"minecraft:tall_grass":1,"born_in_chaos_v1:chipped_black_argillite_brick":3,"minecraft:deepslate_gold_ore":12,"minecraft:birch_planks":17,"minecraft:gray_wool":2,"minecraft:coal_ore":33,"minecraft:dripstone_block":5,"minecraft:cobweb":46,"minecraft:acacia_planks":21,"minecraft:stripped_acacia_wood":65,"minecraft:stone_bricks":9,"minecraft:gold_ore":3},"minecraft:custom":{"minecraft:interact_with_crafting_table":44,"minecraft:open_barrel":14,"minecraft:leave_game":1,"minecraft:time_since_death":142436,"minecraft:damage_resisted":1941,"minecraft:sprint_one_cm":647461,"minecraft:drop":187,"tombstone:eaten_lollipop":11,"minecraft:play_time":314404,"minecraft:deaths":8,"minecraft:jump":4628,"minecraft:interact_with_brewingstand":1,"minecraft:walk_on_water_one_cm":30058,"minecraft:interact_with_furnace":11,"minecraft:sleep_in_bed":13,"minecraft:waystone_activated":1,"minecraft:damage_dealt":59387,"minecraft:crouch_one_cm":91583,"tombstone:undead_killed":120,"minecraft:interact_with_smoker":3,"minecraft:mob_kills":204,"minecraft:damage_dealt_resisted":7252,"minecraft:climb_one_cm":2353,"minecraft:walk_one_cm":530158,"minecraft:sneak_time":31112,"minecraft:walk_under_water_one_cm":5522,"minecraft:interact_with_blast_furnace":5,"minecraft:total_world_time":314404,"minecraft:time_since_rest":41239,"minecraft:damage_taken":12431,"minecraft:damage_absorbed":480,"minecraft:swim_one_cm":32601,"minecraft:fly_one_cm":962002,"minecraft:open_chest":120,"minecraft:fall_one_cm":151261},"minecraft:killed_by":{"minecraft:wither_skeleton":3,"born_in_chaos_v1:corpse_fly":1,"minecraft:hoglin":1},"minecraft:killed":{"minecraft:cave_spider":7,"minecraft:witch":1,"born_in_chaos_v1:restless_spirit":2,"born_in_chaos_v1:zombie_lumberjack":1,"born_in_chaos_v1:skeleton_demoman":1,"born_in_chaos_v1:door_knight_not_despawn":1,"born_in_chaos_v1:pumpkin_spirit":2,"minecraft:spider":11,"born_in_chaos_v1:baby_skeleton_minion":8,"quark:forgotten":1,"minecraft:skeleton":9,"minecraft:chicken":4,"born_in_chaos_v1:skeleton_thrasher":1,"born_in_chaos_v1:supreme_bonescaller_stage_2":1,"born_in_chaos_v1:firelight_not_despawn":2,"born_in_chaos_v1:bonescaller":2,"quark:stoneling":1,"minecraft:zombie_villager":5,"minecraft:creeper":3,"minecraft:sheep":8,"minecraft:zombie":15,"born_in_chaos_v1:corpse_fly":2,"minecraft:stray":2,"born_in_chaos_v1:door_knight":2,"minecraft:cow":3,"born_in_chaos_v1:missioner":1,"minecraft:slime":12,"born_in_chaos_v1:zombie_bruiser":1,"born_in_chaos_v1:maggot":4,"minecraft:phantom":1,"minecraft:horse":3,"born_in_chaos_v1:fallen_chaos_knight":1,"born_in_chaos_v1:bone_imp_minion":20,"born_in_chaos_v1:baby_skeleton":6,"minecraft:hoglin":8,"born_in_chaos_v1:decrepit_skeleton":8,"born_in_chaos_v1:bonescaller_not_despawn":2,"born_in_chaos_v1:dark_vortex":2,"minecraft:wither_skeleton":32,"minecraft:enderman":3}},"DataVersion":3465}