{"stats":{"minecraft:used":{"minecraft:stone_pickaxe":2,"minecraft:oak_planks":206,"minecraft:wooden_pickaxe":21,"minecraft:stone_axe":68,"minecraft:crafting_table":2},"minecraft:picked_up":{"minecraft:stick":26,"minecraft:crafting_table":1,"minecraft:feather":3,"minecraft:chicken":4,"minecraft:oak_log":58,"minecraft:dirt":2,"minecraft:dark_prismarine":1,"minecraft:acacia_planks":1,"minecraft:apple":3,"minecraft:peony":1,"minecraft:white_tulip":1,"minecraft:oak_sapling":23,"minecraft:black_wool":1,"minecraft:mutton":13,"minecraft:oak_planks":3,"minecraft:white_wool":7,"minecraft:cobblestone":21,"minecraft:egg":1},"minecraft:crafted":{"minecraft:oak_planks":232,"minecraft:crafting_table":1,"minecraft:stick":8,"minecraft:wooden_pickaxe":1,"minecraft:stone_pickaxe":1,"minecraft:light_gray_dye":1,"minecraft:white_bed":2,"minecraft:stone_axe":1},"minecraft:dropped":{"minecraft:light_gray_dye":1,"minecraft:wooden_pickaxe":1,"minecraft:black_wool":1,"minecraft:egg":1},"minecraft:mined":{"minecraft:dark_oak_planks":1,"minecraft:dark_prismarine":2,"minecraft:spruce_planks":1,"treechop:chopped_log":7,"minecraft:peony":1,"minecraft:crafting_table":1,"minecraft:grass":1,"minecraft:grass_block":1,"minecraft:oak_log":1,"minecraft:acacia_planks":1,"minecraft:stone":21,"minecraft:white_tulip":1,"minecraft:oak_planks":5,"minecraft:oak_leaves":1},"minecraft:custom":{"minecraft:time_since_rest":2887,"minecraft:sprint_one_cm":22526,"minecraft:damage_taken":310,"minecraft:walk_one_cm":9731,"minecraft:mob_kills":12,"minecraft:drop":4,"minecraft:damage_dealt":800,"minecraft:interact_with_crafting_table":3,"minecraft:fly_one_cm":33496,"minecraft:crouch_one_cm":9551,"minecraft:play_time":12282,"minecraft:deaths":1,"minecraft:sneak_time":3422,"minecraft:jump":343,"minecraft:time_since_death":3243,"minecraft:total_world_time":12282,"minecraft:fall_one_cm":7608},"minecraft:killed":{"minecraft:sheep":8,"minecraft:chicken":4}},"DataVersion":3465}