{"stats":{"minecraft:used":{"minecraft:cooked_mutton":8,"minecraft:stone_pickaxe":100,"minecraft:oak_planks":218,"minecraft:wooden_pickaxe":21,"minecraft:torch":12,"minecraft:crafting_table":3,"quark:acacia_chest":1,"minecraft:nether_bricks":1,"minecraft:white_bed":1,"minecraft:shroomlight":1,"minecraft:dark_prismarine":60,"minecraft:apple":3,"minecraft:iron_axe":2,"minecraft:wooden_sword":55,"minecraft:golden_sword":32,"minecraft:stone_axe":191,"minecraft:furnace":1,"minecraft:acacia_planks":11},"minecraft:picked_up":{"minecraft:crafting_table":1,"minecraft:feather":3,"minecraft:chicken":4,"minecraft:leather_leggings":1,"minecraft:birch_planks":2,"minecraft:oak_log":58,"minecraft:gunpowder":3,"minecraft:string":4,"minecraft:cut_sandstone_slab":5,"minecraft:dirt":2,"minecraft:iron_axe":1,"simplehats:hatbag_epic":1,"minecraft:bone":7,"minecraft:shroomlight":2,"minecraft:acacia_planks":5,"minecraft:apple":3,"minecraft:spruce_planks":4,"minecraft:white_tulip":1,"simplehats:hatbag_uncommon":1,"minecraft:oak_planks":3,"minecraft:phantom_membrane":1,"minecraft:egg":1,"minecraft:stick":26,"simplehats:fakeblight":1,"simplehats:hatbag_common":1,"minecraft:torch":5,"minecraft:stripped_acacia_wood":31,"born_in_chaos_v1:pileof_dark_metal":1,"tombstone:grave_dust":2,"minecraft:spider_eye":1,"minecraft:dark_prismarine":68,"minecraft:dark_oak_planks":4,"minecraft:rotten_flesh":2,"minecraft:slime_ball":11,"minecraft:peony":1,"minecraft:nether_bricks":1,"minecraft:cyan_terracotta":8,"minecraft:gray_wool":2,"tombstone:magic_scroll":2,"minecraft:oak_sapling":23,"minecraft:black_wool":1,"minecraft:mutton":13,"minecraft:coal":1,"minecraft:cobblestone":21,"minecraft:white_wool":7},"minecraft:crafted":{"minecraft:wooden_sword":1,"minecraft:oak_planks":232,"minecraft:crafting_table":2,"minecraft:wooden_pickaxe":1,"minecraft:cooked_chicken":4,"minecraft:furnace":1,"minecraft:stone_axe":3,"minecraft:cooked_mutton":9,"minecraft:air":0,"quark:acacia_chest":1,"minecraft:charcoal":14,"minecraft:stick":12,"minecraft:stone_pickaxe":1,"minecraft:light_gray_dye":1,"minecraft:white_bed":2,"minecraft:acacia_planks":64,"minecraft:torch":24},"minecraft:dropped":{"minecraft:light_gray_dye":1,"minecraft:wooden_pickaxe":1,"minecraft:black_wool":1,"minecraft:egg":1},"minecraft:broken":{"minecraft:golden_sword":1,"minecraft:stone_axe":1,"minecraft:wooden_sword":1},"minecraft:mined":{"minecraft:dark_oak_planks":4,"minecraft:dark_prismarine":69,"minecraft:cut_sandstone_slab":8,"minecraft:spruce_planks":4,"minecraft:cyan_terracotta":17,"minecraft:crafting_table":1,"minecraft:torch":1,"minecraft:nether_bricks":1,"minecraft:grass_block":1,"minecraft:oak_planks":5,"minecraft:wall_torch":4,"minecraft:spawner":2,"minecraft:birch_planks":9,"minecraft:gray_wool":2,"treechop:chopped_log":7,"minecraft:peony":1,"minecraft:grass":1,"minecraft:shroomlight":2,"minecraft:oak_log":1,"minecraft:cobweb":4,"minecraft:acacia_planks":5,"minecraft:white_tulip":1,"minecraft:stripped_acacia_wood":31,"minecraft:stone":21,"minecraft:oak_leaves":1},"minecraft:custom":{"minecraft:interact_with_furnace":7,"minecraft:mob_kills":33,"minecraft:interact_with_crafting_table":8,"minecraft:time_since_death":27243,"minecraft:time_since_rest":26887,"minecraft:sprint_one_cm":37018,"minecraft:damage_taken":1108,"minecraft:walk_one_cm":45706,"minecraft:drop":4,"minecraft:damage_dealt":5530,"minecraft:fly_one_cm":37207,"minecraft:open_chest":2,"minecraft:crouch_one_cm":31787,"minecraft:play_time":36282,"tombstone:undead_killed":6,"minecraft:deaths":1,"minecraft:sneak_time":11899,"minecraft:jump":445,"minecraft:total_world_time":36282,"minecraft:fall_one_cm":8028},"minecraft:killed":{"born_in_chaos_v1:fallen_chaos_knight":1,"minecraft:spider":1,"minecraft:slime":11,"minecraft:creeper":2,"minecraft:phantom":1,"minecraft:sheep":8,"minecraft:chicken":4,"minecraft:wither_skeleton":4}},"DataVersion":3465}