{"stats":{"minecraft:used":{"tombstone:lollipop":10,"quark:cherry_chest":6,"minecraft:nether_bricks":1,"minecraft:carrot":1,"born_in_chaos_v1:corpse_maggot":1,"born_in_chaos_v1:smoked_flesh":32,"minecraft:stone_bricks":8,"minecraft:birch_button":3,"minecraft:golden_sword":32,"minecraft:hay_block":1,"minecraft:furnace":1,"minecraft:stone_pickaxe":102,"minecraft:oak_planks":223,"minecraft:wooden_pickaxe":21,"minecraft:diamond_axe":133,"minecraft:golden_apple":8,"minecraft:crossbow":20,"minecraft:black_bed":4,"sophisticatedbackpacks:backpack":1,"born_in_chaos_v1:monster_flesh":1,"minecraft:bread":30,"tombstone:grave_key":1,"minecraft:diamond_sword":1205,"minecraft:wooden_sword":60,"minecraft:smooth_stone_slab":1,"minecraft:golden_pickaxe":64,"minecraft:experience_bottle":17,"minecraft:cooked_chicken":4,"minecraft:torch":51,"minecraft:brewing_stand":1,"minecraft:dirt":14,"minecraft:shroomlight":2,"minecraft:iron_axe":57,"evilcraft:flesh_humanoid":1,"minecraft:light_gray_wool":5,"minecraft:golden_carrot":17,"tombstone:gift":6,"minecraft:cooked_beef":6,"minecraft:acacia_planks":177,"minecraft:cherry_log":4,"minecraft:cooked_mutton":10,"minecraft:water_bucket":10,"minecraft:birch_planks":22,"minecraft:cherry_planks":113,"minecraft:cracked_stone_bricks":1,"minecraft:crafting_table":7,"quark:acacia_chest":1,"minecraft:white_bed":4,"tombstone:bag_of_seeds":1,"minecraft:dark_prismarine":109,"minecraft:diamond_pickaxe":74,"minecraft:apple":3,"minecraft:diamond_shovel":419,"born_in_chaos_v1:staffofthe_summoner":1,"minecraft:stone_axe":191,"minecraft:potion":2,"minecraft:cobblestone":7,"minecraft:cooked_porkchop":3,"minecraft:porkchop":3,"minecraft:bucket":12,"minecraft:pumpkin_pie":14,"minecraft:splash_potion":1},"minecraft:picked_up":{"minecraft:chainmail_boots":2,"simplehats:hatbag_rare":1,"minecraft:diamond_sword":3,"minecraft:enchanted_book":2,"minecraft:potion":4,"minecraft:golden_sword":1,"minecraft:string":44,"evilcraft:ender_tear":1,"minecraft:smooth_stone_slab":1,"born_in_chaos_v1:dark_upgrade":1,"minecraft:iron_leggings":2,"minecraft:netherite_ingot":4,"minecraft:shroomlight":3,"born_in_chaos_v1:dark_metal_ingot":7,"minecraft:bucket":3,"minecraft:spruce_planks":9,"minecraft:white_tulip":1,"minecraft:iron_pickaxe":1,"minecraft:iron_boots":1,"minecraft:golden_helmet":1,"minecraft:tipped_arrow":1,"minecraft:stick":76,"born_in_chaos_v1:shattered_skull":9,"minecraft:torch":17,"born_in_chaos_v1:pileof_dark_metal":3,"minecraft:porkchop":3,"minecraft:cherry_log":152,"tombstone:grave_dust":33,"minecraft:golden_chestplate":1,"tombstone:lollipop":13,"minecraft:rotten_flesh":49,"minecraft:iron_block":1,"minecraft:cyan_terracotta":8,"minecraft:stripped_birch_wood":5,"minecraft:obsidian":4,"minecraft:iron_bars":2,"minecraft:blaze_powder":6,"minecraft:cobblestone":44,"minecraft:birch_log":7,"born_in_chaos_v1:staffof_magic_arrows":1,"minecraft:pink_petals":287,"minecraft:feather":6,"minecraft:cooked_beef":6,"minecraft:cherry_planks":44,"born_in_chaos_v1:spiritual_dust":3,"minecraft:water_bucket":1,"minecraft:black_bed":4,"born_in_chaos_v1:anluka_doors":1,"born_in_chaos_v1:black_argillite_button":2,"minecraft:cut_sandstone_slab":7,"minecraft:dirt":376,"simplehats:hatbag_epic":2,"born_in_chaos_v1:monster_skin":6,"minecraft:bone":94,"minecraft:acacia_planks":112,"minecraft:wheat_seeds":5,"minecraft:diamond_helmet":1,"simplehats:hatbag_uncommon":2,"minecraft:oak_planks":3,"minecraft:cooked_porkchop":3,"minecraft:stripped_acacia_wood":62,"minecraft:grass_block":1,"minecraft:chiseled_sandstone":1,"minecraft:dark_prismarine":137,"minecraft:bundle":2,"minecraft:iron_hoe":2,"born_in_chaos_v1:fire_dust":1,"simplehats:the_noisier":1,"minecraft:diamond":4,"waystones:waystone":2,"minecraft:bone_meal":12,"minecraft:emerald":18,"minecraft:bread":24,"minecraft:oak_sapling":23,"sophisticatedbackpacks:gold_backpack":1,"minecraft:crafting_table":1,"minecraft:nether_wart":18,"minecraft:chicken":4,"born_in_chaos_v1:river_mint":1,"born_in_chaos_v1:seedof_chaos":10,"minecraft:leather_leggings":1,"born_in_chaos_v1:charmof_resistance":1,"minecraft:stripped_cherry_log":4,"minecraft:flint_and_steel":1,"minecraft:iron_axe":4,"minecraft:wooden_sword":1,"minecraft:netherite_scrap":3,"minecraft:cracked_stone_bricks":1,"minecraft:iron_nugget":1,"minecraft:light_gray_wool":5,"minecraft:birch_sapling":3,"minecraft:phantom_membrane":2,"minecraft:egg":1,"minecraft:raw_iron":2,"simplehats:fakeblight":1,"simplehats:hatbag_common":6,"sophisticatedbackpacks:backpack":2,"minecraft:redstone":37,"born_in_chaos_v1:pieceofdarkmetal":72,"minecraft:carrot":2,"born_in_chaos_v1:charmof_endurance":2,"minecraft:dark_oak_planks":11,"minecraft:arrow":18,"minecraft:peony":1,"minecraft:nether_bricks":1,"minecraft:hay_block":1,"minecraft:saddle":3,"minecraft:gold_ingot":171,"minecraft:mutton":13,"minecraft:white_wool":8,"born_in_chaos_v1:corpse_maggot":4,"born_in_chaos_v1:monster_flesh":7,"minecraft:leather":6,"minecraft:acacia_wood":11,"minecraft:birch_planks":11,"minecraft:oak_log":60,"minecraft:gunpowder":31,"minecraft:paper":1,"tombstone:gift":2,"minecraft:cooked_mutton":4,"sophisticatedbackpacks:upgrade_base":1,"minecraft:apple":7,"minecraft:stone_bricks":8,"minecraft:wild_armor_trim_smithing_template":2,"minecraft:cooked_chicken":1,"minecraft:iron_ingot":68,"minecraft:stone_pickaxe":1,"born_in_chaos_v1:chipped_black_argillite_brick":1,"tombstone:bag_of_seeds":3,"minecraft:glass_bottle":1,"minecraft:iron_sword":1,"minecraft:book":11,"born_in_chaos_v1:orbofthe_summoner":1,"born_in_chaos_v1:ethereal_spirit":20,"minecraft:gravel":1,"born_in_chaos_v1:dark_rod":2,"minecraft:white_bed":3,"minecraft:green_carpet":1,"minecraft:spider_eye":5,"minecraft:diamond_shovel":1,"minecraft:slime_ball":28,"born_in_chaos_v1:black_argillite_brick_slab":2,"tombstone:scroll_of_knowledge":1,"evilcraft:dark_gem":26,"minecraft:gray_wool":4,"minecraft:cherry_sapling":74,"tombstone:magic_scroll":11,"minecraft:black_wool":1,"minecraft:coal":8},"minecraft:crafted":{"minecraft:oak_planks":240,"minecraft:cherry_wood":3,"minecraft:cooked_chicken":4,"sophisticatedbackpacks:crafting_upgrade":1,"quark:cherry_chest":5,"minecraft:cooked_mutton":15,"sophisticatedbackpacks:smelting_upgrade":1,"minecraft:diamond_helmet":2,"minecraft:birch_button":3,"born_in_chaos_v1:pileof_dark_metal":5,"sophisticatedbackpacks:backpack":1,"minecraft:diamond_axe":1,"minecraft:crafting_table":7,"minecraft:wooden_pickaxe":1,"minecraft:golden_pickaxe":2,"minecraft:birch_planks":20,"sophisticatedbackpacks:upgrade_base":3,"minecraft:charcoal":14,"minecraft:diamond_pickaxe":1,"minecraft:stick":20,"born_in_chaos_v1:smoked_flesh":5,"minecraft:iron_ingot":9,"minecraft:light_gray_dye":1,"minecraft:netherite_ingot":1,"minecraft:cherry_planks":256,"minecraft:wooden_sword":2,"minecraft:furnace":2,"quark:acacia_chest":3,"born_in_chaos_v1:bone_handle":1,"minecraft:stone_pickaxe":1,"minecraft:diamond_boots":1,"sophisticatedbackpacks:iron_backpack":1,"minecraft:diamond_sword":1,"sophisticatedbackpacks:gold_backpack":1,"minecraft:bucket":1,"minecraft:stone_axe":3,"minecraft:air":0,"minecraft:white_bed":2,"minecraft:acacia_planks":232,"minecraft:torch":68,"minecraft:diamond_chestplate":1},"minecraft:dropped":{"sophisticatedbackpacks:upgrade_base":2,"minecraft:iron_sword":1,"minecraft:glass_bottle":3,"minecraft:diamond":4,"minecraft:leather":1,"born_in_chaos_v1:pieceofdarkmetal":51,"minecraft:saddle":3,"born_in_chaos_v1:pileof_dark_metal":2,"minecraft:emerald":18,"sophisticatedbackpacks:gold_backpack":1,"born_in_chaos_v1:monster_flesh":6,"minecraft:dirt":2,"tombstone:bag_of_seeds":1,"minecraft:netherite_scrap":3,"born_in_chaos_v1:monster_skin":6,"minecraft:netherite_boots":1,"minecraft:wooden_sword":1,"minecraft:bone_meal":12,"minecraft:phantom_membrane":1,"minecraft:dark_oak_planks":4,"minecraft:birch_log":1,"minecraft:white_wool":2,"minecraft:gold_ingot":171,"minecraft:bone":54,"minecraft:gravel":1,"simplehats:hatbag_rare":1,"minecraft:iron_nugget":1,"simplehats:the_noisier":1,"minecraft:obsidian":4,"tombstone:gift":2,"born_in_chaos_v1:ethereal_spirit":8,"minecraft:cherry_sapling":44,"minecraft:rotten_flesh":37,"minecraft:oak_planks":3,"minecraft:blaze_powder":6,"minecraft:cooked_mutton":9,"born_in_chaos_v1:dark_upgrade":1,"minecraft:carrot":1,"minecraft:tipped_arrow":1,"born_in_chaos_v1:seedof_chaos":5,"minecraft:gunpowder":28,"born_in_chaos_v1:chipped_black_argillite_brick":1,"simplehats:hatbag_uncommon":2,"minecraft:beetroot_seeds":3,"minecraft:melon_seeds":1,"born_in_chaos_v1:corpse_maggot":3,"minecraft:chainmail_boots":1,"tombstone:scroll_of_knowledge":1,"minecraft:iron_bars":2,"minecraft:arrow":7,"simplehats:digger":1,"minecraft:egg":1,"minecraft:water_bucket":1,"minecraft:enchanted_book":2,"minecraft:iron_ingot":46,"born_in_chaos_v1:shattered_skull":6,"minecraft:wheat_seeds":1,"minecraft:golden_helmet":1,"minecraft:cherry_log":76,"minecraft:diamond_leggings":1,"minecraft:feather":3,"minecraft:cobblestone":4,"minecraft:book":11,"minecraft:apple":4,"born_in_chaos_v1:black_argillite_brick_slab":2,"born_in_chaos_v1:charmof_endurance":1,"minecraft:coal":6,"minecraft:stick":20,"born_in_chaos_v1:anluka_doors":1,"minecraft:gray_wool":2,"born_in_chaos_v1:river_mint":1,"simplehats:fakeblight":1,"tombstone:magic_scroll":5,"minecraft:cherry_planks":115,"minecraft:diamond_helmet":1,"tombstone:grave_dust":15,"minecraft:potion":1,"minecraft:iron_axe":1,"born_in_chaos_v1:staffof_magic_arrows":1,"minecraft:paper":1,"minecraft:string":15,"minecraft:pink_petals":4,"minecraft:bucket":2,"minecraft:acacia_planks":78,"simplehats:dairyqueen":1,"minecraft:chiseled_sandstone":1,"minecraft:redstone":32,"minecraft:netherite_ingot":4,"minecraft:nether_wart":18,"minecraft:wild_armor_trim_smithing_template":2,"born_in_chaos_v1:black_argillite_button":2,"minecraft:iron_hoe":1,"sophisticatedbackpacks:backpack":1,"born_in_chaos_v1:spiritual_dust":2,"minecraft:flint_and_steel":1,"minecraft:diamond_sword":2,"simplehats:hatbag_common":5,"minecraft:bundle":1,"minecraft:spruce_planks":5,"evilcraft:ender_tear":1,"minecraft:golden_sword":1,"minecraft:spider_eye":3,"minecraft:light_gray_dye":1,"minecraft:slime_ball":14,"minecraft:stone_pickaxe":1,"minecraft:wooden_pickaxe":1,"waystones:waystone":1,"minecraft:dark_prismarine":17,"minecraft:black_wool":1},"minecraft:broken":{"minecraft:diamond_boots":1,"minecraft:golden_sword":1,"minecraft:wooden_sword":1,"minecraft:stone_axe":1,"minecraft:golden_chestplate":1,"minecraft:golden_pickaxe":2},"minecraft:mined":{"minecraft:dark_oak_planks":7,"minecraft:cut_sandstone_slab":10,"minecraft:spruce_planks":7,"minecraft:white_bed":2,"minecraft:grass_block":300,"minecraft:spawner":21,"minecraft:magma_block":2,"minecraft:iron_ore":3,"born_in_chaos_v1:black_argillite_brick_slab":3,"minecraft:fire":1,"minecraft:iron_bars":2,"minecraft:green_carpet":1,"minecraft:iron_block":2,"minecraft:cyan_terracotta":17,"minecraft:torch":8,"minecraft:cobblestone":2,"minecraft:oak_planks":6,"minecraft:wall_torch":4,"minecraft:pink_petals":32,"born_in_chaos_v1:river_mint":1,"minecraft:light_gray_wool":5,"minecraft:black_bed":4,"born_in_chaos_v1:black_argillite_brick":4,"minecraft:grass":23,"minecraft:oak_log":1,"minecraft:dirt":83,"minecraft:stripped_birch_wood":5,"minecraft:oak_leaves":7,"minecraft:dark_prismarine":132,"minecraft:stripped_cherry_log":4,"minecraft:nether_bricks":1,"born_in_chaos_v1:black_argillite":1,"minecraft:sandstone":1,"minecraft:dead_horn_coral_wall_fan":1,"minecraft:acacia_wood":11,"treechop:chopped_log":18,"minecraft:peony":1,"minecraft:shroomlight":4,"minecraft:white_tulip":2,"minecraft:stone":39,"sophisticatedbackpacks:backpack":1,"minecraft:crafting_table":1,"minecraft:tall_grass":1,"born_in_chaos_v1:chipped_black_argillite_brick":3,"minecraft:birch_planks":17,"minecraft:gray_wool":2,"minecraft:cobweb":10,"minecraft:acacia_planks":21,"minecraft:stripped_acacia_wood":65,"minecraft:stone_bricks":9},"minecraft:custom":{"minecraft:interact_with_crafting_table":41,"minecraft:open_barrel":9,"minecraft:leave_game":1,"minecraft:time_since_death":106436,"minecraft:damage_resisted":1941,"minecraft:sprint_one_cm":535019,"minecraft:drop":174,"tombstone:eaten_lollipop":10,"minecraft:play_time":278404,"minecraft:deaths":8,"minecraft:jump":4097,"minecraft:interact_with_brewingstand":1,"minecraft:walk_on_water_one_cm":19669,"minecraft:interact_with_furnace":11,"minecraft:sleep_in_bed":13,"minecraft:waystone_activated":1,"minecraft:damage_dealt":56230,"minecraft:crouch_one_cm":89392,"tombstone:undead_killed":114,"minecraft:interact_with_smoker":3,"minecraft:mob_kills":191,"minecraft:damage_dealt_resisted":7252,"minecraft:climb_one_cm":2353,"minecraft:walk_one_cm":434182,"minecraft:sneak_time":30314,"minecraft:walk_under_water_one_cm":4650,"minecraft:interact_with_blast_furnace":5,"minecraft:total_world_time":278404,"minecraft:time_since_rest":5239,"minecraft:damage_taken":11661,"minecraft:damage_absorbed":400,"minecraft:swim_one_cm":31457,"minecraft:fly_one_cm":897345,"minecraft:open_chest":112,"minecraft:fall_one_cm":133278},"minecraft:killed_by":{"minecraft:wither_skeleton":3,"born_in_chaos_v1:corpse_fly":1,"minecraft:hoglin":1},"minecraft:killed":{"minecraft:cave_spider":4,"minecraft:witch":1,"born_in_chaos_v1:restless_spirit":2,"born_in_chaos_v1:zombie_lumberjack":1,"born_in_chaos_v1:skeleton_demoman":1,"born_in_chaos_v1:door_knight_not_despawn":1,"born_in_chaos_v1:pumpkin_spirit":2,"minecraft:spider":11,"born_in_chaos_v1:baby_skeleton_minion":8,"minecraft:skeleton":6,"minecraft:chicken":4,"born_in_chaos_v1:skeleton_thrasher":1,"born_in_chaos_v1:supreme_bonescaller_stage_2":1,"born_in_chaos_v1:firelight_not_despawn":2,"born_in_chaos_v1:bonescaller":2,"minecraft:zombie_villager":5,"minecraft:creeper":3,"minecraft:sheep":8,"minecraft:zombie":14,"minecraft:stray":2,"born_in_chaos_v1:door_knight":2,"minecraft:cow":3,"born_in_chaos_v1:missioner":1,"minecraft:slime":12,"born_in_chaos_v1:zombie_bruiser":1,"born_in_chaos_v1:maggot":4,"minecraft:phantom":1,"minecraft:horse":3,"born_in_chaos_v1:fallen_chaos_knight":1,"born_in_chaos_v1:bone_imp_minion":20,"born_in_chaos_v1:baby_skeleton":6,"minecraft:hoglin":8,"born_in_chaos_v1:decrepit_skeleton":7,"born_in_chaos_v1:bonescaller_not_despawn":2,"born_in_chaos_v1:dark_vortex":2,"minecraft:wither_skeleton":32,"minecraft:enderman":3}},"DataVersion":3465}