{"stats":{"minecraft:used":{"minecraft:cooked_mutton":4,"minecraft:stone_pickaxe":48,"minecraft:oak_planks":218,"minecraft:wooden_pickaxe":21,"minecraft:torch":6,"minecraft:crafting_table":3,"minecraft:white_bed":1,"minecraft:dark_prismarine":41,"minecraft:apple":3,"minecraft:stone_axe":139,"minecraft:furnace":1},"minecraft:picked_up":{"minecraft:crafting_table":1,"minecraft:feather":3,"minecraft:chicken":4,"minecraft:leather_leggings":1,"minecraft:oak_log":58,"minecraft:gunpowder":3,"minecraft:dirt":2,"simplehats:hatbag_epic":1,"minecraft:bone":2,"minecraft:shroomlight":1,"minecraft:acacia_planks":4,"minecraft:apple":3,"minecraft:spruce_planks":4,"minecraft:white_tulip":1,"simplehats:hatbag_uncommon":1,"minecraft:oak_planks":3,"minecraft:phantom_membrane":1,"minecraft:egg":1,"minecraft:stick":26,"simplehats:fakeblight":1,"simplehats:hatbag_common":1,"minecraft:torch":3,"minecraft:stripped_acacia_wood":16,"born_in_chaos_v1:pileof_dark_metal":1,"minecraft:spider_eye":1,"minecraft:dark_prismarine":45,"minecraft:dark_oak_planks":4,"minecraft:rotten_flesh":2,"minecraft:peony":1,"minecraft:gray_wool":2,"tombstone:magic_scroll":1,"minecraft:oak_sapling":23,"minecraft:black_wool":1,"minecraft:mutton":13,"minecraft:cobblestone":21,"minecraft:white_wool":7},"minecraft:crafted":{"minecraft:oak_planks":232,"minecraft:crafting_table":2,"minecraft:wooden_pickaxe":1,"minecraft:furnace":1,"minecraft:stone_axe":3,"minecraft:cooked_mutton":9,"minecraft:air":0,"minecraft:charcoal":8,"minecraft:stick":8,"minecraft:stone_pickaxe":1,"minecraft:light_gray_dye":1,"minecraft:white_bed":2,"minecraft:acacia_planks":4,"minecraft:torch":24},"minecraft:dropped":{"minecraft:light_gray_dye":1,"minecraft:wooden_pickaxe":1,"minecraft:black_wool":1,"minecraft:egg":1},"minecraft:mined":{"minecraft:dark_oak_planks":4,"minecraft:dark_prismarine":46,"minecraft:spruce_planks":4,"minecraft:crafting_table":1,"minecraft:torch":1,"minecraft:grass_block":1,"minecraft:oak_planks":5,"minecraft:wall_torch":2,"minecraft:spawner":1,"minecraft:gray_wool":2,"treechop:chopped_log":7,"minecraft:peony":1,"minecraft:grass":1,"minecraft:shroomlight":1,"minecraft:oak_log":1,"minecraft:acacia_planks":4,"minecraft:white_tulip":1,"minecraft:stripped_acacia_wood":16,"minecraft:stone":21,"minecraft:oak_leaves":1},"minecraft:custom":{"minecraft:interact_with_furnace":5,"minecraft:mob_kills":19,"minecraft:interact_with_crafting_table":5,"minecraft:time_since_death":15243,"minecraft:time_since_rest":14887,"minecraft:sprint_one_cm":27335,"minecraft:damage_taken":816,"minecraft:walk_one_cm":26374,"minecraft:drop":4,"minecraft:damage_dealt":3275,"minecraft:fly_one_cm":33970,"minecraft:open_chest":1,"minecraft:crouch_one_cm":23677,"minecraft:play_time":24282,"tombstone:undead_killed":3,"minecraft:deaths":1,"minecraft:sneak_time":8597,"minecraft:jump":371,"minecraft:total_world_time":24282,"minecraft:fall_one_cm":7608},"minecraft:killed":{"born_in_chaos_v1:fallen_chaos_knight":1,"minecraft:spider":1,"minecraft:creeper":2,"minecraft:phantom":1,"minecraft:sheep":8,"minecraft:chicken":4,"minecraft:wither_skeleton":1}},"DataVersion":3465}