{"stats":{"minecraft:used":{"tombstone:lollipop":10,"minecraft:nether_bricks":1,"minecraft:carrot":1,"born_in_chaos_v1:corpse_maggot":1,"born_in_chaos_v1:smoked_flesh":27,"minecraft:stone_bricks":8,"minecraft:birch_button":3,"minecraft:golden_sword":32,"minecraft:hay_block":1,"minecraft:furnace":1,"minecraft:stone_pickaxe":102,"minecraft:oak_planks":223,"minecraft:wooden_pickaxe":21,"minecraft:diamond_axe":96,"minecraft:golden_apple":8,"minecraft:crossbow":20,"minecraft:black_bed":3,"sophisticatedbackpacks:backpack":1,"born_in_chaos_v1:monster_flesh":1,"minecraft:bread":30,"tombstone:grave_key":1,"minecraft:diamond_sword":1194,"minecraft:wooden_sword":60,"minecraft:smooth_stone_slab":1,"minecraft:golden_pickaxe":64,"minecraft:experience_bottle":17,"minecraft:cooked_chicken":4,"minecraft:torch":46,"minecraft:shroomlight":2,"minecraft:iron_axe":57,"evilcraft:flesh_humanoid":1,"minecraft:light_gray_wool":5,"minecraft:golden_carrot":17,"tombstone:gift":4,"minecraft:cooked_beef":6,"minecraft:acacia_planks":177,"minecraft:cooked_mutton":10,"minecraft:water_bucket":10,"minecraft:birch_planks":22,"minecraft:cherry_planks":113,"minecraft:cracked_stone_bricks":1,"minecraft:crafting_table":7,"quark:acacia_chest":1,"minecraft:white_bed":4,"tombstone:bag_of_seeds":1,"minecraft:dark_prismarine":109,"minecraft:diamond_pickaxe":61,"minecraft:apple":3,"minecraft:stone_axe":191,"minecraft:potion":2,"minecraft:cobblestone":7,"minecraft:cooked_porkchop":3,"minecraft:porkchop":3,"minecraft:bucket":12,"minecraft:pumpkin_pie":14,"minecraft:splash_potion":1},"minecraft:picked_up":{"minecraft:chainmail_boots":1,"simplehats:hatbag_rare":1,"minecraft:diamond_sword":3,"minecraft:potion":4,"minecraft:string":44,"minecraft:smooth_stone_slab":1,"minecraft:iron_leggings":2,"minecraft:shroomlight":3,"minecraft:bucket":3,"minecraft:spruce_planks":9,"minecraft:white_tulip":1,"minecraft:iron_pickaxe":1,"minecraft:iron_boots":1,"minecraft:golden_helmet":1,"minecraft:tipped_arrow":1,"minecraft:stick":62,"born_in_chaos_v1:shattered_skull":3,"minecraft:torch":14,"born_in_chaos_v1:pileof_dark_metal":1,"minecraft:porkchop":3,"minecraft:cherry_log":111,"tombstone:grave_dust":18,"minecraft:golden_chestplate":1,"tombstone:lollipop":13,"minecraft:rotten_flesh":49,"minecraft:iron_block":1,"minecraft:cyan_terracotta":8,"minecraft:stripped_birch_wood":5,"minecraft:iron_bars":2,"minecraft:cobblestone":33,"minecraft:birch_log":7,"born_in_chaos_v1:staffof_magic_arrows":1,"minecraft:pink_petals":4,"minecraft:feather":6,"minecraft:cooked_beef":6,"minecraft:cherry_planks":44,"born_in_chaos_v1:spiritual_dust":3,"minecraft:black_bed":4,"born_in_chaos_v1:black_argillite_button":2,"minecraft:cut_sandstone_slab":7,"minecraft:dirt":3,"simplehats:hatbag_epic":2,"minecraft:bone":52,"minecraft:acacia_planks":112,"minecraft:wheat_seeds":2,"simplehats:hatbag_uncommon":2,"minecraft:oak_planks":3,"minecraft:cooked_porkchop":3,"minecraft:stripped_acacia_wood":62,"minecraft:chiseled_sandstone":1,"minecraft:dark_prismarine":137,"minecraft:bundle":1,"minecraft:iron_hoe":1,"born_in_chaos_v1:fire_dust":1,"simplehats:the_noisier":1,"waystones:waystone":1,"minecraft:bread":24,"minecraft:oak_sapling":23,"sophisticatedbackpacks:gold_backpack":1,"minecraft:crafting_table":1,"minecraft:chicken":4,"born_in_chaos_v1:river_mint":1,"born_in_chaos_v1:seedof_chaos":5,"minecraft:leather_leggings":1,"born_in_chaos_v1:charmof_resistance":1,"minecraft:iron_axe":3,"minecraft:wooden_sword":1,"minecraft:cracked_stone_bricks":1,"minecraft:light_gray_wool":5,"minecraft:birch_sapling":3,"minecraft:phantom_membrane":1,"minecraft:egg":1,"minecraft:raw_iron":2,"simplehats:fakeblight":1,"simplehats:hatbag_common":6,"sophisticatedbackpacks:backpack":2,"born_in_chaos_v1:pieceofdarkmetal":21,"minecraft:carrot":2,"born_in_chaos_v1:charmof_endurance":2,"minecraft:dark_oak_planks":11,"minecraft:arrow":11,"minecraft:peony":1,"minecraft:nether_bricks":1,"minecraft:hay_block":1,"minecraft:gold_ingot":72,"minecraft:mutton":13,"minecraft:white_wool":8,"born_in_chaos_v1:corpse_maggot":4,"born_in_chaos_v1:monster_flesh":1,"minecraft:leather":5,"minecraft:acacia_wood":11,"minecraft:birch_planks":11,"minecraft:oak_log":60,"minecraft:gunpowder":6,"minecraft:paper":1,"minecraft:apple":3,"minecraft:stone_bricks":8,"minecraft:cooked_chicken":1,"minecraft:iron_ingot":42,"minecraft:stone_pickaxe":1,"born_in_chaos_v1:chipped_black_argillite_brick":1,"tombstone:bag_of_seeds":3,"minecraft:glass_bottle":1,"born_in_chaos_v1:orbofthe_summoner":1,"born_in_chaos_v1:ethereal_spirit":13,"minecraft:gravel":1,"born_in_chaos_v1:dark_rod":2,"minecraft:white_bed":3,"minecraft:green_carpet":1,"minecraft:spider_eye":5,"minecraft:slime_ball":14,"born_in_chaos_v1:black_argillite_brick_slab":2,"minecraft:gray_wool":4,"minecraft:cherry_sapling":44,"tombstone:magic_scroll":6,"minecraft:black_wool":1,"minecraft:coal":2},"minecraft:crafted":{"minecraft:oak_planks":240,"minecraft:cooked_chicken":4,"minecraft:cooked_mutton":15,"minecraft:diamond_helmet":2,"minecraft:birch_button":3,"sophisticatedbackpacks:backpack":1,"minecraft:diamond_axe":1,"minecraft:crafting_table":6,"minecraft:wooden_pickaxe":1,"minecraft:golden_pickaxe":2,"minecraft:birch_planks":20,"minecraft:charcoal":14,"minecraft:diamond_pickaxe":1,"minecraft:stick":20,"born_in_chaos_v1:smoked_flesh":5,"minecraft:iron_ingot":9,"minecraft:light_gray_dye":1,"minecraft:netherite_ingot":1,"minecraft:cherry_planks":188,"minecraft:wooden_sword":2,"minecraft:furnace":1,"quark:acacia_chest":3,"minecraft:stone_pickaxe":1,"minecraft:diamond_boots":1,"sophisticatedbackpacks:iron_backpack":1,"minecraft:diamond_sword":1,"sophisticatedbackpacks:gold_backpack":1,"minecraft:bucket":1,"minecraft:stone_axe":3,"minecraft:air":0,"minecraft:white_bed":2,"minecraft:acacia_planks":232,"minecraft:torch":68,"minecraft:diamond_chestplate":1},"minecraft:dropped":{"minecraft:glass_bottle":3,"sophisticatedbackpacks:gold_backpack":1,"minecraft:dirt":2,"tombstone:bag_of_seeds":1,"minecraft:netherite_boots":1,"minecraft:wooden_sword":1,"minecraft:dark_oak_planks":4,"minecraft:birch_log":1,"minecraft:white_wool":2,"minecraft:gold_ingot":72,"minecraft:bone":12,"minecraft:gravel":1,"simplehats:hatbag_rare":1,"simplehats:the_noisier":1,"born_in_chaos_v1:ethereal_spirit":1,"minecraft:cherry_sapling":44,"minecraft:rotten_flesh":37,"minecraft:oak_planks":3,"minecraft:cooked_mutton":5,"minecraft:carrot":1,"minecraft:tipped_arrow":1,"minecraft:gunpowder":3,"born_in_chaos_v1:chipped_black_argillite_brick":1,"simplehats:hatbag_uncommon":2,"minecraft:beetroot_seeds":3,"minecraft:melon_seeds":1,"born_in_chaos_v1:corpse_maggot":3,"minecraft:iron_bars":2,"simplehats:digger":1,"minecraft:egg":1,"minecraft:iron_ingot":20,"minecraft:wheat_seeds":1,"minecraft:golden_helmet":1,"minecraft:diamond_leggings":1,"minecraft:feather":3,"minecraft:cobblestone":4,"born_in_chaos_v1:black_argillite_brick_slab":2,"born_in_chaos_v1:charmof_endurance":1,"minecraft:stick":20,"minecraft:gray_wool":2,"born_in_chaos_v1:river_mint":1,"simplehats:fakeblight":1,"minecraft:cherry_planks":44,"minecraft:potion":1,"minecraft:paper":1,"minecraft:string":15,"minecraft:pink_petals":4,"minecraft:bucket":2,"minecraft:acacia_planks":78,"simplehats:dairyqueen":1,"minecraft:chiseled_sandstone":1,"born_in_chaos_v1:black_argillite_button":2,"sophisticatedbackpacks:backpack":1,"born_in_chaos_v1:spiritual_dust":1,"minecraft:diamond_sword":2,"simplehats:hatbag_common":5,"minecraft:spruce_planks":5,"minecraft:spider_eye":3,"minecraft:light_gray_dye":1,"minecraft:stone_pickaxe":1,"minecraft:wooden_pickaxe":1,"minecraft:dark_prismarine":17,"minecraft:black_wool":1},"minecraft:broken":{"minecraft:diamond_boots":1,"minecraft:golden_sword":1,"minecraft:wooden_sword":1,"minecraft:stone_axe":1,"minecraft:golden_chestplate":1,"minecraft:golden_pickaxe":2},"minecraft:mined":{"minecraft:dark_oak_planks":7,"minecraft:cut_sandstone_slab":10,"minecraft:spruce_planks":7,"minecraft:white_bed":2,"minecraft:grass_block":1,"minecraft:spawner":21,"minecraft:magma_block":2,"minecraft:iron_ore":3,"born_in_chaos_v1:black_argillite_brick_slab":3,"minecraft:fire":1,"minecraft:iron_bars":2,"minecraft:green_carpet":1,"minecraft:iron_block":2,"minecraft:cyan_terracotta":17,"minecraft:torch":6,"minecraft:cobblestone":2,"minecraft:oak_planks":6,"minecraft:wall_torch":4,"minecraft:pink_petals":1,"born_in_chaos_v1:river_mint":1,"minecraft:light_gray_wool":5,"minecraft:black_bed":4,"born_in_chaos_v1:black_argillite_brick":4,"minecraft:grass":13,"minecraft:oak_log":1,"minecraft:dirt":1,"minecraft:stripped_birch_wood":5,"minecraft:oak_leaves":7,"minecraft:dark_prismarine":132,"minecraft:nether_bricks":1,"born_in_chaos_v1:black_argillite":1,"minecraft:sandstone":1,"minecraft:dead_horn_coral_wall_fan":1,"minecraft:acacia_wood":11,"treechop:chopped_log":15,"minecraft:peony":1,"minecraft:shroomlight":4,"minecraft:white_tulip":2,"minecraft:stone":26,"sophisticatedbackpacks:backpack":1,"minecraft:crafting_table":1,"minecraft:tall_grass":1,"born_in_chaos_v1:chipped_black_argillite_brick":3,"minecraft:birch_planks":17,"minecraft:gray_wool":2,"minecraft:cobweb":10,"minecraft:acacia_planks":21,"minecraft:stripped_acacia_wood":65,"minecraft:stone_bricks":9},"minecraft:custom":{"minecraft:interact_with_crafting_table":29,"minecraft:open_barrel":9,"minecraft:leave_game":1,"minecraft:time_since_death":64436,"minecraft:damage_resisted":1941,"minecraft:sprint_one_cm":507796,"minecraft:drop":108,"tombstone:eaten_lollipop":10,"minecraft:play_time":236404,"minecraft:deaths":8,"minecraft:jump":3958,"minecraft:walk_on_water_one_cm":19669,"minecraft:interact_with_furnace":11,"minecraft:sleep_in_bed":10,"minecraft:damage_dealt":55570,"minecraft:crouch_one_cm":88435,"tombstone:undead_killed":114,"minecraft:interact_with_smoker":3,"minecraft:mob_kills":189,"minecraft:damage_dealt_resisted":7252,"minecraft:climb_one_cm":2353,"minecraft:walk_one_cm":357945,"minecraft:sneak_time":30081,"minecraft:walk_under_water_one_cm":4650,"minecraft:interact_with_blast_furnace":3,"minecraft:total_world_time":236404,"minecraft:time_since_rest":8807,"minecraft:damage_taken":11607,"minecraft:damage_absorbed":400,"minecraft:swim_one_cm":31457,"minecraft:fly_one_cm":866641,"minecraft:open_chest":61,"minecraft:fall_one_cm":130503},"minecraft:killed_by":{"minecraft:wither_skeleton":3,"born_in_chaos_v1:corpse_fly":1,"minecraft:hoglin":1},"minecraft:killed":{"minecraft:cave_spider":4,"minecraft:witch":1,"born_in_chaos_v1:restless_spirit":2,"born_in_chaos_v1:zombie_lumberjack":1,"born_in_chaos_v1:skeleton_demoman":1,"born_in_chaos_v1:door_knight_not_despawn":1,"born_in_chaos_v1:pumpkin_spirit":2,"minecraft:spider":11,"born_in_chaos_v1:baby_skeleton_minion":8,"minecraft:skeleton":6,"minecraft:chicken":4,"born_in_chaos_v1:skeleton_thrasher":1,"born_in_chaos_v1:supreme_bonescaller_stage_2":1,"born_in_chaos_v1:firelight_not_despawn":2,"born_in_chaos_v1:bonescaller":2,"minecraft:zombie_villager":5,"minecraft:creeper":3,"minecraft:sheep":8,"minecraft:zombie":14,"minecraft:stray":2,"born_in_chaos_v1:door_knight":2,"minecraft:cow":3,"born_in_chaos_v1:missioner":1,"minecraft:slime":12,"born_in_chaos_v1:zombie_bruiser":1,"born_in_chaos_v1:maggot":4,"minecraft:phantom":1,"minecraft:horse":3,"born_in_chaos_v1:fallen_chaos_knight":1,"born_in_chaos_v1:bone_imp_minion":20,"born_in_chaos_v1:baby_skeleton":6,"minecraft:hoglin":8,"born_in_chaos_v1:decrepit_skeleton":7,"born_in_chaos_v1:bonescaller_not_despawn":2,"born_in_chaos_v1:dark_vortex":2,"minecraft:wither_skeleton":32,"minecraft:enderman":1}},"DataVersion":3465}