{"stats":{"minecraft:used":{"tombstone:lollipop":1,"minecraft:cooked_chicken":3,"minecraft:torch":14,"minecraft:nether_bricks":1,"minecraft:shroomlight":2,"minecraft:iron_axe":35,"evilcraft:flesh_humanoid":1,"minecraft:light_gray_wool":5,"minecraft:birch_button":3,"minecraft:golden_sword":32,"minecraft:furnace":1,"tombstone:gift":4,"minecraft:acacia_planks":114,"minecraft:cooked_mutton":9,"minecraft:birch_planks":22,"minecraft:stone_pickaxe":102,"minecraft:oak_planks":218,"minecraft:wooden_pickaxe":21,"minecraft:diamond_axe":19,"minecraft:golden_apple":7,"minecraft:crafting_table":4,"quark:acacia_chest":1,"minecraft:white_bed":1,"tombstone:bag_of_seeds":1,"minecraft:dark_prismarine":109,"minecraft:diamond_pickaxe":7,"minecraft:apple":3,"minecraft:bread":9,"tombstone:grave_key":1,"minecraft:stone_axe":191,"minecraft:diamond_sword":577,"minecraft:wooden_sword":60,"minecraft:porkchop":3,"minecraft:golden_pickaxe":64},"minecraft:picked_up":{"minecraft:crafting_table":1,"minecraft:chicken":4,"minecraft:leather_leggings":1,"minecraft:potion":2,"minecraft:string":9,"minecraft:iron_axe":1,"minecraft:wooden_sword":1,"minecraft:iron_leggings":2,"minecraft:shroomlight":3,"minecraft:spruce_planks":9,"minecraft:white_tulip":1,"minecraft:light_gray_wool":5,"minecraft:phantom_membrane":1,"minecraft:egg":1,"minecraft:stick":28,"simplehats:fakeblight":1,"simplehats:hatbag_common":3,"minecraft:torch":5,"born_in_chaos_v1:pileof_dark_metal":1,"minecraft:porkchop":3,"tombstone:grave_dust":2,"minecraft:dark_oak_planks":11,"tombstone:lollipop":3,"minecraft:rotten_flesh":2,"minecraft:peony":1,"minecraft:nether_bricks":1,"minecraft:cyan_terracotta":8,"minecraft:stripped_birch_wood":5,"minecraft:mutton":13,"minecraft:white_wool":8,"minecraft:cobblestone":26,"minecraft:feather":6,"minecraft:cooked_beef":6,"minecraft:acacia_wood":11,"minecraft:birch_planks":11,"minecraft:oak_log":58,"minecraft:gunpowder":3,"minecraft:paper":1,"minecraft:dirt":3,"minecraft:cut_sandstone_slab":7,"simplehats:hatbag_epic":1,"minecraft:bone":14,"minecraft:acacia_planks":53,"minecraft:apple":3,"minecraft:stone_pickaxe":1,"minecraft:cooked_chicken":1,"tombstone:bag_of_seeds":1,"simplehats:hatbag_uncommon":2,"minecraft:oak_planks":3,"minecraft:stripped_acacia_wood":62,"minecraft:white_bed":1,"minecraft:green_carpet":1,"minecraft:spider_eye":1,"minecraft:dark_prismarine":137,"minecraft:slime_ball":14,"minecraft:gray_wool":4,"minecraft:bread":24,"tombstone:magic_scroll":2,"minecraft:oak_sapling":23,"minecraft:black_wool":1,"minecraft:coal":2},"minecraft:crafted":{"minecraft:wooden_sword":2,"minecraft:oak_planks":232,"minecraft:cooked_chicken":4,"minecraft:furnace":1,"minecraft:cooked_mutton":9,"quark:acacia_chest":1,"minecraft:diamond_helmet":1,"minecraft:stone_pickaxe":1,"minecraft:birch_button":3,"minecraft:diamond_sword":1,"minecraft:diamond_axe":1,"minecraft:crafting_table":3,"minecraft:wooden_pickaxe":1,"minecraft:golden_pickaxe":2,"minecraft:birch_planks":20,"minecraft:stone_axe":3,"minecraft:air":0,"minecraft:charcoal":14,"minecraft:diamond_pickaxe":1,"minecraft:stick":20,"minecraft:light_gray_dye":1,"minecraft:white_bed":2,"minecraft:netherite_ingot":1,"minecraft:acacia_planks":232,"minecraft:torch":24,"minecraft:diamond_chestplate":1},"minecraft:dropped":{"minecraft:diamond_leggings":1,"minecraft:feather":3,"minecraft:cobblestone":4,"minecraft:stick":20,"minecraft:dirt":2,"minecraft:gray_wool":2,"simplehats:fakeblight":1,"minecraft:netherite_boots":1,"minecraft:wooden_sword":1,"minecraft:paper":1,"minecraft:dark_oak_planks":4,"minecraft:white_wool":2,"minecraft:bone":4,"simplehats:hatbag_common":2,"minecraft:spruce_planks":5,"simplehats:hatbag_uncommon":2,"minecraft:beetroot_seeds":3,"minecraft:melon_seeds":1,"minecraft:light_gray_dye":1,"minecraft:stone_pickaxe":1,"minecraft:wooden_pickaxe":1,"minecraft:dark_prismarine":17,"minecraft:black_wool":1,"minecraft:egg":1},"minecraft:broken":{"minecraft:golden_sword":1,"minecraft:wooden_sword":1,"minecraft:stone_axe":1,"minecraft:golden_pickaxe":2,"minecraft:golden_chestplate":1},"minecraft:mined":{"minecraft:dark_oak_planks":7,"minecraft:dark_prismarine":132,"minecraft:cut_sandstone_slab":10,"minecraft:spruce_planks":5,"minecraft:white_bed":1,"minecraft:nether_bricks":1,"minecraft:grass_block":1,"minecraft:spawner":8,"minecraft:acacia_wood":11,"treechop:chopped_log":7,"minecraft:peony":1,"minecraft:shroomlight":4,"minecraft:green_carpet":1,"minecraft:stone":21,"minecraft:white_tulip":1,"minecraft:cyan_terracotta":17,"minecraft:crafting_table":1,"minecraft:torch":1,"minecraft:oak_planks":5,"minecraft:wall_torch":4,"minecraft:gray_wool":2,"minecraft:birch_planks":17,"minecraft:light_gray_wool":5,"minecraft:grass":1,"minecraft:oak_log":1,"minecraft:stripped_birch_wood":5,"minecraft:cobweb":9,"minecraft:acacia_planks":11,"minecraft:stripped_acacia_wood":65,"minecraft:oak_leaves":1},"minecraft:custom":{"minecraft:mob_kills":72,"minecraft:interact_with_crafting_table":19,"minecraft:time_since_death":18860,"minecraft:sprint_one_cm":119099,"minecraft:walk_one_cm":112106,"minecraft:drop":31,"tombstone:eaten_lollipop":1,"minecraft:play_time":84282,"minecraft:deaths":7,"minecraft:sneak_time":27004,"minecraft:jump":1128,"minecraft:walk_on_water_one_cm":754,"minecraft:total_world_time":84282,"minecraft:interact_with_furnace":8,"minecraft:time_since_rest":18484,"minecraft:damage_taken":5445,"minecraft:damage_absorbed":279,"minecraft:damage_dealt":25322,"minecraft:swim_one_cm":2765,"minecraft:fly_one_cm":133637,"minecraft:open_chest":29,"minecraft:crouch_one_cm":78317,"tombstone:undead_killed":34,"minecraft:interact_with_smoker":1,"minecraft:fall_one_cm":36733},"minecraft:killed_by":{"minecraft:wither_skeleton":3,"born_in_chaos_v1:corpse_fly":1,"minecraft:hoglin":1},"minecraft:killed":{"minecraft:witch":1,"minecraft:spider":1,"minecraft:slime":12,"minecraft:phantom":1,"minecraft:chicken":4,"born_in_chaos_v1:fallen_chaos_knight":1,"minecraft:hoglin":8,"minecraft:creeper":2,"minecraft:sheep":8,"minecraft:wither_skeleton":32}},"DataVersion":3465}