{"stats":{"minecraft:used":{"minecraft:cooked_mutton":9,"minecraft:birch_planks":22,"minecraft:stone_pickaxe":102,"minecraft:oak_planks":218,"minecraft:wooden_pickaxe":21,"tombstone:lollipop":1,"minecraft:cooked_chicken":3,"minecraft:torch":14,"minecraft:golden_apple":7,"minecraft:crafting_table":4,"quark:acacia_chest":1,"minecraft:nether_bricks":1,"minecraft:white_bed":1,"tombstone:bag_of_seeds":1,"minecraft:shroomlight":2,"minecraft:dark_prismarine":109,"minecraft:apple":3,"minecraft:iron_axe":35,"minecraft:bread":2,"tombstone:grave_key":1,"evilcraft:flesh_humanoid":1,"minecraft:diamond_sword":321,"minecraft:birch_button":3,"minecraft:light_gray_wool":5,"minecraft:wooden_sword":60,"minecraft:golden_sword":32,"minecraft:stone_axe":191,"minecraft:porkchop":3,"minecraft:furnace":1,"tombstone:gift":4,"minecraft:acacia_planks":96,"minecraft:golden_pickaxe":64},"minecraft:picked_up":{"minecraft:crafting_table":1,"minecraft:feather":3,"minecraft:cooked_beef":6,"minecraft:chicken":4,"minecraft:leather_leggings":1,"minecraft:acacia_wood":11,"minecraft:birch_planks":11,"minecraft:potion":1,"minecraft:oak_log":58,"minecraft:gunpowder":3,"minecraft:string":9,"minecraft:cut_sandstone_slab":7,"minecraft:dirt":2,"minecraft:iron_axe":1,"simplehats:hatbag_epic":1,"minecraft:iron_leggings":1,"minecraft:bone":10,"minecraft:shroomlight":3,"minecraft:acacia_planks":10,"minecraft:apple":3,"minecraft:spruce_planks":5,"minecraft:white_tulip":1,"tombstone:bag_of_seeds":1,"simplehats:hatbag_uncommon":1,"minecraft:light_gray_wool":5,"minecraft:oak_planks":3,"minecraft:phantom_membrane":1,"minecraft:egg":1,"minecraft:stick":28,"simplehats:fakeblight":1,"simplehats:hatbag_common":1,"minecraft:torch":5,"minecraft:stripped_acacia_wood":45,"minecraft:porkchop":3,"born_in_chaos_v1:pileof_dark_metal":1,"tombstone:grave_dust":2,"minecraft:spider_eye":1,"tombstone:lollipop":2,"minecraft:dark_prismarine":126,"minecraft:dark_oak_planks":7,"minecraft:rotten_flesh":2,"minecraft:slime_ball":14,"minecraft:peony":1,"minecraft:nether_bricks":1,"minecraft:bread":24,"minecraft:cyan_terracotta":8,"minecraft:gray_wool":2,"minecraft:stripped_birch_wood":5,"tombstone:magic_scroll":2,"minecraft:oak_sapling":23,"minecraft:black_wool":1,"minecraft:mutton":13,"minecraft:coal":2,"minecraft:cobblestone":26,"minecraft:white_wool":7},"minecraft:crafted":{"minecraft:wooden_sword":2,"minecraft:oak_planks":232,"minecraft:diamond_sword":1,"minecraft:crafting_table":3,"minecraft:wooden_pickaxe":1,"minecraft:cooked_chicken":4,"minecraft:furnace":1,"minecraft:golden_pickaxe":2,"minecraft:birch_planks":20,"minecraft:stone_axe":3,"minecraft:cooked_mutton":9,"minecraft:air":0,"quark:acacia_chest":1,"minecraft:diamond_helmet":1,"minecraft:charcoal":14,"minecraft:stick":20,"minecraft:stone_pickaxe":1,"minecraft:light_gray_dye":1,"minecraft:white_bed":2,"minecraft:netherite_ingot":1,"minecraft:birch_button":3,"minecraft:acacia_planks":168,"minecraft:torch":24,"minecraft:diamond_chestplate":1},"minecraft:dropped":{"minecraft:diamond_leggings":1,"minecraft:spruce_planks":1,"minecraft:melon_seeds":1,"minecraft:beetroot_seeds":3,"minecraft:netherite_boots":1,"minecraft:light_gray_dye":1,"minecraft:wooden_pickaxe":1,"minecraft:black_wool":1,"minecraft:egg":1},"minecraft:broken":{"minecraft:golden_sword":1,"minecraft:stone_axe":1,"minecraft:wooden_sword":1,"minecraft:golden_pickaxe":2,"minecraft:golden_chestplate":1},"minecraft:mined":{"minecraft:dark_oak_planks":7,"minecraft:dark_prismarine":128,"minecraft:cut_sandstone_slab":10,"minecraft:spruce_planks":5,"minecraft:cyan_terracotta":17,"minecraft:crafting_table":1,"minecraft:torch":1,"minecraft:nether_bricks":1,"minecraft:grass_block":1,"minecraft:oak_planks":5,"minecraft:wall_torch":4,"minecraft:spawner":6,"minecraft:birch_planks":17,"minecraft:gray_wool":2,"minecraft:acacia_wood":11,"minecraft:light_gray_wool":5,"treechop:chopped_log":7,"minecraft:peony":1,"minecraft:grass":1,"minecraft:shroomlight":4,"minecraft:oak_log":1,"minecraft:stripped_birch_wood":5,"minecraft:cobweb":9,"minecraft:acacia_planks":10,"minecraft:white_tulip":1,"minecraft:stripped_acacia_wood":47,"minecraft:stone":21,"minecraft:oak_leaves":1},"minecraft:custom":{"minecraft:interact_with_furnace":8,"minecraft:mob_kills":63,"minecraft:interact_with_crafting_table":17,"minecraft:time_since_death":6860,"minecraft:time_since_rest":6484,"minecraft:sprint_one_cm":90156,"minecraft:damage_absorbed":279,"minecraft:damage_taken":5074,"minecraft:walk_one_cm":91266,"minecraft:drop":9,"tombstone:eaten_lollipop":1,"minecraft:damage_dealt":19698,"minecraft:swim_one_cm":2765,"minecraft:fly_one_cm":111493,"minecraft:open_chest":16,"minecraft:crouch_one_cm":71655,"minecraft:play_time":72282,"tombstone:undead_killed":25,"minecraft:deaths":7,"minecraft:sneak_time":25271,"minecraft:jump":1014,"minecraft:walk_on_water_one_cm":27,"minecraft:total_world_time":72282,"minecraft:fall_one_cm":34593},"minecraft:killed_by":{"minecraft:wither_skeleton":3,"minecraft:hoglin":1,"born_in_chaos_v1:corpse_fly":1},"minecraft:killed":{"born_in_chaos_v1:fallen_chaos_knight":1,"minecraft:witch":1,"minecraft:spider":1,"minecraft:slime":12,"minecraft:hoglin":8,"minecraft:creeper":2,"minecraft:phantom":1,"minecraft:sheep":8,"minecraft:chicken":4,"minecraft:wither_skeleton":23}},"DataVersion":3465}