{"stats":{"minecraft:used":{"minecraft:cooked_mutton":9,"minecraft:birch_planks":22,"minecraft:stone_pickaxe":102,"minecraft:oak_planks":218,"minecraft:wooden_pickaxe":21,"tombstone:lollipop":1,"minecraft:cooked_chicken":3,"minecraft:torch":14,"minecraft:crafting_table":3,"quark:acacia_chest":1,"minecraft:nether_bricks":1,"minecraft:white_bed":1,"minecraft:shroomlight":2,"minecraft:dark_prismarine":60,"minecraft:apple":3,"minecraft:iron_axe":35,"minecraft:birch_button":3,"minecraft:light_gray_wool":5,"minecraft:wooden_sword":60,"minecraft:golden_sword":32,"minecraft:stone_axe":191,"minecraft:furnace":1,"tombstone:gift":2,"minecraft:acacia_planks":67},"minecraft:picked_up":{"minecraft:crafting_table":1,"minecraft:feather":3,"minecraft:chicken":4,"minecraft:leather_leggings":1,"minecraft:acacia_wood":6,"minecraft:birch_planks":10,"minecraft:potion":1,"minecraft:oak_log":58,"minecraft:gunpowder":3,"minecraft:string":9,"minecraft:cut_sandstone_slab":7,"minecraft:dirt":2,"minecraft:iron_axe":1,"simplehats:hatbag_epic":1,"minecraft:iron_leggings":1,"minecraft:bone":7,"minecraft:shroomlight":3,"minecraft:acacia_planks":7,"minecraft:apple":3,"minecraft:spruce_planks":4,"minecraft:white_tulip":1,"simplehats:hatbag_uncommon":1,"minecraft:light_gray_wool":5,"minecraft:oak_planks":3,"minecraft:phantom_membrane":1,"minecraft:egg":1,"minecraft:stick":28,"simplehats:fakeblight":1,"simplehats:hatbag_common":1,"minecraft:torch":5,"minecraft:stripped_acacia_wood":42,"born_in_chaos_v1:pileof_dark_metal":1,"tombstone:grave_dust":2,"minecraft:spider_eye":1,"tombstone:lollipop":2,"minecraft:dark_prismarine":68,"minecraft:dark_oak_planks":7,"minecraft:rotten_flesh":2,"minecraft:slime_ball":14,"minecraft:peony":1,"minecraft:nether_bricks":1,"minecraft:cyan_terracotta":8,"minecraft:gray_wool":2,"minecraft:stripped_birch_wood":5,"tombstone:magic_scroll":2,"minecraft:oak_sapling":23,"minecraft:black_wool":1,"minecraft:mutton":13,"minecraft:coal":1,"minecraft:cobblestone":21,"minecraft:white_wool":7},"minecraft:crafted":{"minecraft:wooden_sword":2,"minecraft:oak_planks":232,"minecraft:crafting_table":2,"minecraft:wooden_pickaxe":1,"minecraft:cooked_chicken":4,"minecraft:furnace":1,"minecraft:birch_planks":20,"minecraft:stone_axe":3,"minecraft:cooked_mutton":9,"minecraft:air":0,"quark:acacia_chest":1,"minecraft:charcoal":14,"minecraft:stick":16,"minecraft:stone_pickaxe":1,"minecraft:light_gray_dye":1,"minecraft:white_bed":2,"minecraft:birch_button":3,"minecraft:acacia_planks":136,"minecraft:torch":24},"minecraft:dropped":{"minecraft:light_gray_dye":1,"minecraft:wooden_pickaxe":1,"minecraft:black_wool":1,"minecraft:egg":1},"minecraft:broken":{"minecraft:golden_sword":1,"minecraft:stone_axe":1,"minecraft:wooden_sword":1},"minecraft:mined":{"minecraft:dark_oak_planks":7,"minecraft:dark_prismarine":69,"minecraft:cut_sandstone_slab":10,"minecraft:spruce_planks":4,"minecraft:cyan_terracotta":17,"minecraft:crafting_table":1,"minecraft:torch":1,"minecraft:nether_bricks":1,"minecraft:grass_block":1,"minecraft:oak_planks":5,"minecraft:wall_torch":4,"minecraft:spawner":2,"minecraft:birch_planks":16,"minecraft:gray_wool":2,"minecraft:acacia_wood":6,"minecraft:light_gray_wool":5,"treechop:chopped_log":7,"minecraft:peony":1,"minecraft:grass":1,"minecraft:shroomlight":3,"minecraft:oak_log":1,"minecraft:stripped_birch_wood":5,"minecraft:cobweb":9,"minecraft:acacia_planks":7,"minecraft:white_tulip":1,"minecraft:stripped_acacia_wood":42,"minecraft:stone":21,"minecraft:oak_leaves":1},"minecraft:custom":{"minecraft:interact_with_furnace":7,"minecraft:mob_kills":35,"minecraft:interact_with_crafting_table":9,"minecraft:time_since_death":275,"minecraft:time_since_rest":1,"minecraft:sprint_one_cm":58329,"minecraft:damage_taken":3005,"minecraft:walk_one_cm":68584,"minecraft:drop":4,"tombstone:eaten_lollipop":1,"minecraft:damage_dealt":6810,"minecraft:swim_one_cm":2765,"minecraft:fly_one_cm":64685,"minecraft:open_chest":5,"minecraft:crouch_one_cm":45277,"minecraft:play_time":48282,"tombstone:undead_killed":6,"minecraft:deaths":3,"minecraft:sneak_time":15441,"minecraft:jump":718,"minecraft:walk_on_water_one_cm":27,"minecraft:total_world_time":48282,"minecraft:fall_one_cm":24152},"minecraft:killed_by":{"minecraft:hoglin":1},"minecraft:killed":{"born_in_chaos_v1:fallen_chaos_knight":1,"minecraft:witch":1,"minecraft:spider":1,"minecraft:slime":12,"minecraft:creeper":2,"minecraft:phantom":1,"minecraft:sheep":8,"minecraft:chicken":4,"minecraft:wither_skeleton":4}},"DataVersion":3465}