{
  "dungeons_arise:wda_root": {
    "criteria": {
      "WDA": "2024-10-24 00:50:17 +0000"
    },
    "done": true
  },
  "tombstone:adventure/halloween": {
    "criteria": {
      "coded_trigger": "2024-10-24 00:50:17 +0000"
    },
    "done": true
  },
  "born_in_chaos_v1:bornin_chaos": {
    "criteria": {
      "bornin_chaos_0": "2024-10-24 00:50:17 +0000"
    },
    "done": true
  },
  "cataclysm:root": {
    "criteria": {
      "custom_test_name": "2024-10-24 00:50:17 +0000"
    },
    "done": true
  },
  "incendium:technical/new_player": {
    "criteria": {
      "requirement": "2024-10-24 00:50:17 +0000"
    },
    "done": true
  },
  "incendium:technical/using/trailblazer": {
    "criteria": {
      "log_spam_fixer": "2024-10-24 00:50:18 +0000"
    },
    "done": false
  },
  "incendium:technical/scroll_of_returning": {
    "criteria": {
      "log_spam_fixer": "2024-10-24 00:50:18 +0000"
    },
    "done": false
  },
  "minecraft:adventure/adventuring_time": {
    "criteria": {
      "minecraft:taiga": "2024-10-24 03:03:23 +0000",
      "quark:glimmering_weald": "2024-10-25 15:48:15 +0000",
      "minecraft:cherry_grove": "2024-10-24 02:59:09 +0000",
      "minecraft:sunflower_plains": "2024-10-24 01:59:32 +0000",
      "minecraft:birch_forest": "2024-10-25 17:26:02 +0000",
      "minecraft:dark_forest": "2024-10-25 17:40:07 +0000",
      "minecraft:river": "2024-10-24 01:24:30 +0000",
      "minecraft:stony_shore": "2024-10-24 02:52:26 +0000",
      "minecraft:dripstone_caves": "2024-10-25 14:52:49 +0000",
      "minecraft:grove": "2024-10-25 18:40:51 +0000",
      "minecraft:forest": "2024-10-24 03:02:56 +0000",
      "minecraft:lush_caves": "2024-10-25 18:22:04 +0000",
      "minecraft:jungle": "2024-10-25 17:55:38 +0000",
      "minecraft:ocean": "2024-10-25 18:29:41 +0000",
      "minecraft:flower_forest": "2024-10-24 00:51:42 +0000",
      "minecraft:old_growth_birch_forest": "2024-10-24 03:03:16 +0000",
      "minecraft:meadow": "2024-10-24 02:26:57 +0000",
      "minecraft:savanna": "2024-10-24 02:10:19 +0000",
      "minecraft:plains": "2024-10-24 00:50:18 +0000"
    },
    "done": false
  },
  "incendium:technical/using/ragnarok": {
    "criteria": {
      "log_spam_fixer": "2024-10-24 00:50:18 +0000"
    },
    "done": false
  },
  "incendium:technical/using/shield": {
    "criteria": {
      "log_spam_fixer": "2024-10-24 00:50:18 +0000"
    },
    "done": false
  },
  "tombstone:adventure/root": {
    "criteria": {
      "auto": "2024-10-24 00:50:18 +0000"
    },
    "done": true
  },
  "minecraft:story/root": {
    "criteria": {
      "crafting_table": "2024-10-24 00:52:25 +0000"
    },
    "done": true
  },
  "minecraft:story/mine_stone": {
    "criteria": {
      "get_stone": "2024-10-24 00:52:40 +0000"
    },
    "done": true
  },
  "minecraft:story/upgrade_tools": {
    "criteria": {
      "stone_pickaxe": "2024-10-24 00:53:50 +0000"
    },
    "done": true
  },
  "minecraft:adventure/root": {
    "criteria": {
      "killed_something": "2024-10-24 00:55:34 +0000"
    },
    "done": true
  },
  "tombstone:adventure/first_grave": {
    "criteria": {
      "coded_trigger": "2024-10-24 00:57:47 +0000"
    },
    "done": true
  },
  "tombstone:recipes/from_grave_key": {
    "criteria": {
      "has_ingredient": "2024-10-24 00:57:49 +0000"
    },
    "done": true
  },
  "tombstone:adventure/enchant_grave_key": {
    "criteria": {
      "has_upgraded_grave_key": "2024-10-24 00:57:49 +0000"
    },
    "done": true
  },
  "tombstone:adventure/teleport_to_grave": {
    "criteria": {
      "coded_trigger": "2024-10-24 00:58:00 +0000"
    },
    "done": true
  },
  "tombstone:adventure/first_knowledge": {
    "criteria": {
      "coded_trigger": "2024-10-24 00:58:00 +0000"
    },
    "done": true
  },
  "dungeons_arise:find_heavenly_challenger": {
    "criteria": {
      "location0": "2024-10-24 01:00:15 +0000"
    },
    "done": true
  },
  "minecraft:adventure/kill_all_mobs": {
    "criteria": {
      "minecraft:pillager": "2024-10-25 18:30:28 +0000",
      "minecraft:skeleton": "2024-10-24 01:03:33 +0000",
      "minecraft:hoglin": "2024-10-24 01:41:08 +0000",
      "minecraft:vindicator": "2024-10-25 18:02:53 +0000",
      "minecraft:spider": "2024-10-24 01:03:15 +0000",
      "minecraft:creeper": "2024-10-24 01:01:12 +0000",
      "minecraft:slime": "2024-10-24 01:15:09 +0000",
      "minecraft:evoker": "2024-10-25 18:03:34 +0000",
      "quark:forgotten": "2024-10-25 15:55:23 +0000",
      "minecraft:phantom": "2024-10-24 01:00:49 +0000",
      "minecraft:witch": "2024-10-24 01:22:17 +0000",
      "minecraft:wither_skeleton": "2024-10-24 01:00:48 +0000",
      "minecraft:cave_spider": "2024-10-25 14:37:27 +0000",
      "minecraft:enderman": "2024-10-24 02:52:41 +0000",
      "minecraft:stray": "2024-10-25 14:37:40 +0000",
      "minecraft:zombie": "2024-10-24 02:51:46 +0000",
      "minecraft:zombie_villager": "2024-10-24 02:49:07 +0000"
    },
    "done": false
  },
  "minecraft:adventure/kill_a_mob": {
    "criteria": {
      "minecraft:wither_skeleton": "2024-10-24 01:00:48 +0000"
    },
    "done": true
  },
  "minecraft:husbandry/balanced_diet": {
    "criteria": {
      "cooked_porkchop": "2024-10-24 02:47:57 +0000",
      "honey_bottle": "2024-10-25 16:55:08 +0000",
      "cooked_mutton": "2024-10-24 01:04:48 +0000",
      "cooked_beef": "2024-10-24 02:03:49 +0000",
      "porkchop": "2024-10-24 01:44:04 +0000",
      "apple": "2024-10-24 01:03:29 +0000",
      "pumpkin_pie": "2024-10-25 13:57:41 +0000",
      "bread": "2024-10-24 01:50:33 +0000",
      "golden_apple": "2024-10-24 01:32:25 +0000",
      "golden_carrot": "2024-10-24 02:37:07 +0000",
      "cooked_chicken": "2024-10-24 01:24:41 +0000",
      "carrot": "2024-10-25 14:55:49 +0000"
    },
    "done": false
  },
  "minecraft:husbandry/root": {
    "criteria": {
      "consumed_item": "2024-10-24 01:03:29 +0000"
    },
    "done": true
  },
  "tombstone:recipes/from_grave_dust": {
    "criteria": {
      "has_ingredient": "2024-10-24 01:20:18 +0000"
    },
    "done": true
  },
  "tombstone:adventure/find_grave_dust": {
    "criteria": {
      "from_undead": "2024-10-24 01:20:18 +0000"
    },
    "done": true
  },
  "minecraft:story/obtain_armor": {
    "criteria": {
      "iron_leggings": "2024-10-24 01:21:44 +0000"
    },
    "done": true
  },
  "tombstone:adventure/eat_lollipop": {
    "criteria": {
      "coded_trigger": "2024-10-24 01:21:56 +0000"
    },
    "done": true
  },
  "tombstone:adventure/expert_tasting": {
    "criteria": {
      "eat_lollipop_4": "2024-10-24 02:48:42 +0000",
      "eat_lollipop_1": "2024-10-24 02:40:08 +0000",
      "eat_lollipop_2": "2024-10-24 01:21:56 +0000",
      "eat_lollipop_5": "2024-10-24 02:36:27 +0000"
    },
    "done": false
  },
  "tombstone:adventure/cancel_ghostly_shape": {
    "criteria": {
      "coded_trigger": "2024-10-24 01:26:36 +0000"
    },
    "done": true
  },
  "minecraft:story/shiny_gear": {
    "criteria": {
      "diamond_leggings": "2024-10-24 01:31:43 +0000"
    },
    "done": true
  },
  "minecraft:story/mine_diamond": {
    "criteria": {
      "diamond": "2024-10-24 01:31:46 +0000"
    },
    "done": true
  },
  "tombstone:adventure/chain_death": {
    "criteria": {
      "coded_trigger": "2024-10-24 01:34:46 +0000"
    },
    "done": true
  },
  "minecraft:story/form_obsidian": {
    "criteria": {
      "obsidian": "2024-10-24 01:37:32 +0000"
    },
    "done": true
  },
  "tombstone:adventure/create_magic_scroll": {
    "criteria": {
      "has_magic_scroll": "2024-10-24 01:37:33 +0000"
    },
    "done": true
  },
  "tombstone:adventure/ashes_and_bones": {
    "criteria": {
      "coded_trigger": "2024-10-24 01:39:23 +0000"
    },
    "done": true
  },
  "evilcraft:cannibal": {
    "criteria": {
      "criteria_0": "2024-10-24 01:41:36 +0000"
    },
    "done": true
  },
  "evilcraft:root": {
    "criteria": {
      "criteria_0": "2024-10-24 01:58:48 +0000"
    },
    "done": true
  },
  "born_in_chaos_v1:the_wind_darkening": {
    "criteria": {
      "the_wind_darkening_0": "2024-10-24 02:04:08 +0000"
    },
    "done": true
  },
  "minecraft:adventure/sleep_in_bed": {
    "criteria": {
      "slept_in_bed": "2024-10-24 02:06:50 +0000"
    },
    "done": true
  },
  "dungeons_arise:find_bathhouse": {
    "criteria": {
      "location0": "2024-10-24 02:12:14 +0000"
    },
    "done": true
  },
  "minecraft:story/smelt_iron": {
    "criteria": {
      "iron": "2024-10-24 02:23:08 +0000"
    },
    "done": true
  },
  "artifacts:amateur_archaeologist": {
    "criteria": {
      "find_artifact": "2024-10-24 02:23:14 +0000"
    },
    "done": true
  },
  "dungeons_arise:find_coliseum": {
    "criteria": {
      "location0": "2024-10-24 02:26:58 +0000"
    },
    "done": true
  },
  "minecraft:adventure/ol_betsy": {
    "criteria": {
      "shot_crossbow": "2024-10-24 02:28:39 +0000"
    },
    "done": true
  },
  "minecraft:adventure/shoot_arrow": {
    "criteria": {
      "shot_arrow": "2024-10-24 02:28:40 +0000"
    },
    "done": true
  },
  "born_in_chaos_v1:dark_creator": {
    "criteria": {
      "dark_creator_0": "2024-10-24 02:50:05 +0000"
    },
    "done": true
  },
  "born_in_chaos_v1:dark_metallurgy": {
    "criteria": {
      "dark_metallurgy_0": "2024-10-24 02:50:07 +0000"
    },
    "done": true
  },
  "born_in_chaos_v1:charm_collector": {
    "criteria": {
      "charm_collector_1": "2024-10-24 02:50:08 +0000",
      "charm_collector_3": "2024-10-24 02:52:16 +0000"
    },
    "done": false
  },
  "born_in_chaos_v1:junior_summoner": {
    "criteria": {
      "junior_summoner_0": "2024-10-24 02:50:19 +0000"
    },
    "done": true
  },
  "born_in_chaos_v1:pieceof_chaos": {
    "criteria": {
      "pieceof_chaos_0": "2024-10-24 02:50:20 +0000"
    },
    "done": true
  },
  "tombstone:adventure/bone_crusher": {
    "criteria": {
      "coded_trigger": "2024-10-24 02:50:21 +0000"
    },
    "done": true
  },
  "dungeons_arise:find_wishing_well": {
    "criteria": {
      "location0": "2024-10-24 02:53:09 +0000"
    },
    "done": true
  },
  "born_in_chaos_v1:bypassingthe_expiration_date": {
    "criteria": {
      "bypassingthe_expiration_date_0": "2024-10-24 02:58:19 +0000"
    },
    "done": true
  },
  "born_in_chaos_v1:good_demoman": {
    "criteria": {
      "good_demoman_0": "2024-10-25 13:55:35 +0000"
    },
    "done": true
  },
  "dungeons_arise:find_lighthouse": {
    "criteria": {
      "location0": "2024-10-25 14:02:45 +0000"
    },
    "done": true
  },
  "tombstone:adventure/strong_or_careful": {
    "criteria": {
      "coded_trigger": "2024-10-25 14:03:46 +0000"
    },
    "done": true
  },
  "evilcraft:fart": {
    "criteria": {
      "criteria_0": "2024-10-25 14:10:39 +0000"
    },
    "done": true
  },
  "minecraft:story/iron_tools": {
    "criteria": {
      "iron_pickaxe": "2024-10-25 14:37:41 +0000"
    },
    "done": true
  },
  "born_in_chaos_v1:dismantledto_bones": {
    "criteria": {
      "dismantledto_bones_0": "2024-10-25 14:45:53 +0000"
    },
    "done": true
  },
  "born_in_chaos_v1:symphonyof_chaos": {
    "criteria": {
      "symphonyof_chaos_0": "2024-10-25 14:48:02 +0000"
    },
    "done": false
  },
  "born_in_chaos_v1:bowfor_wizards": {
    "criteria": {
      "bowfor_wizards_0": "2024-10-25 14:56:47 +0000"
    },
    "done": true
  },
  "evilcraft:first_age": {
    "criteria": {
      "criteria_0": "2024-10-25 15:10:30 +0000"
    },
    "done": true
  },
  "born_in_chaos_v1:compact_necromancy": {
    "criteria": {
      "compact_necromancy_0": "2024-10-25 15:25:07 +0000"
    },
    "done": true
  },
  "minecraft:story/lava_bucket": {
    "criteria": {
      "lava_bucket": "2024-10-25 15:52:54 +0000"
    },
    "done": true
  },
  "quark:get_forgotten_hat": {
    "criteria": {
      "get_forgotten_hat": "2024-10-25 15:55:27 +0000"
    },
    "done": true
  },
  "quark:get_diamond_heart": {
    "criteria": {
      "get_diamond_heart": "2024-10-25 15:56:39 +0000"
    },
    "done": true
  },
  "minecraft:husbandry/tame_an_animal": {
    "criteria": {
      "tamed_animal": "2024-10-25 16:08:13 +0000"
    },
    "done": true
  },
  "born_in_chaos_v1:deceived_hopes": {
    "criteria": {
      "deceived_hopes_0": "2024-10-25 16:16:34 +0000"
    },
    "done": true
  },
  "tombstone:adventure/choose_knowledge": {
    "criteria": {
      "coded_trigger": "2024-10-25 16:20:25 +0000"
    },
    "done": true
  },
  "dungeons_arise:find_thornborn_towers": {
    "criteria": {
      "location0": "2024-10-25 16:34:20 +0000"
    },
    "done": true
  },
  "incendium:technical/sentrys_wrath": {
    "criteria": {
      "log_spam_fixer": "2024-10-25 18:41:20 +0000"
    },
    "done": false
  },
  "incendium:technical/inventory/sentrys_wrath": {
    "criteria": {
      "log_spam_fixer": "2024-10-25 18:41:20 +0000"
    },
    "done": false
  },
  "incendium:technical/multiplex_crossbow": {
    "criteria": {
      "log_spam_fixer": "2024-10-25 18:41:20 +0000"
    },
    "done": false
  },
  "incendium:technical/firestorm": {
    "criteria": {
      "log_spam_fixer": "2024-10-25 18:41:20 +0000"
    },
    "done": false
  },
  "incendium:technical/holy_wrath": {
    "criteria": {
      "log_spam_fixer": "2024-10-25 18:41:20 +0000"
    },
    "done": false
  },
  "incendium:technical/on_block": {
    "criteria": {
      "log_spam_fixer": "2024-10-25 18:41:20 +0000"
    },
    "done": false
  },
  "incendium:technical/inventory/firestorm": {
    "criteria": {
      "log_spam_fixer": "2024-10-25 18:41:20 +0000"
    },
    "done": false
  },
  "incendium:technical/feed_ghastling": {
    "criteria": {
      "log_spam_fixer": "2024-10-25 18:41:20 +0000"
    },
    "done": false
  },
  "incendium:technical/on_inventory_change": {
    "criteria": {
      "log_spam_fixer": "2024-10-25 18:41:20 +0000"
    },
    "done": false
  },
  "incendium:technical/give_ghastling": {
    "criteria": {
      "log_spam_fixer": "2024-10-25 18:41:20 +0000"
    },
    "done": false
  },
  "incendium:technical/on_kill": {
    "criteria": {
      "log_spam_fixer": "2024-10-25 18:41:20 +0000"
    },
    "done": false
  },
  "incendium:technical/on_player_hurt": {
    "criteria": {
      "log_spam_fixer": "2024-10-25 18:41:20 +0000"
    },
    "done": false
  },
  "dungeons_arise:find_illager_corsair_or_illager_galley": {
    "criteria": {
      "location1": "2024-10-25 18:30:15 +0000"
    },
    "done": true
  },
  "minecraft:adventure/totem_of_undying": {
    "criteria": {
      "used_totem": "2024-10-25 18:13:33 +0000"
    },
    "done": true
  },
  "evilcraft:evil_source": {
    "criteria": {
      "criteria_0": "2024-10-25 17:28:05 +0000"
    },
    "done": true
  },
  "minecraft:adventure/whos_the_pillager_now": {
    "criteria": {
      "kill_pillager": "2024-10-25 18:32:32 +0000"
    },
    "done": true
  },
  "tombstone:adventure/create_magic_tablet": {
    "criteria": {
      "has_magic_tablet": "2024-10-25 17:59:26 +0000"
    },
    "done": true
  },
  "born_in_chaos_v1:double_trouble": {
    "criteria": {
      "double_trouble_0": "2024-10-25 18:15:09 +0000"
    },
    "done": true
  },
  "born_in_chaos_v1:horror_underthe_mantle": {
    "criteria": {
      "horror_underthe_mantle_0": "2024-10-25 18:16:02 +0000"
    },
    "done": true
  },
  "DataVersion": 3465
}